Address,Lot Size,Total SQFT,Year Built,Bed,Full Bath,Sale Date,Sale Price,Description
227 SWEET BAY CIR,0.1208,2846,1998,3,2,11/6/18,520000,SINGLE FAMILY
146 DAY LILY DR,0.0668,1780,1998,3,2,5/10/19,300000,TOWNHOUSE
143 BISHOPWOOD DR,0.0414,1842,1998,3,2,11/30/18,302000,TOWNHOUSE
143 BISHOPWOOD DR,0.0414,1842,1998,3,2,2/21/18,290000,TOWNHOUSE
142 DAY LILY DR,0.0414,1842,1998,3,2,7/18/19,270000,TOWNHOUSE
140 DAY LILY DR,0.0657,1854,1998,3,2,3/9/18,297500,TOWNHOUSE
134 REDWOOD DR,0.0414,1842,1998,3,2,10/30/19,293475,TOWNHOUSE
132 REDWOOD DR,0.0414,1842,1998,3,2,7/14/17,289000,TOWNHOUSE
124 DATE PALM DR,0.1599,2846,1998,3,2,12/16/16,465000,SINGLE FAMILY
118 REDWOOD DR,0.0666,1854,1998,3,2,11/14/19,322500,TOWNHOUSE
118 DATE PALM DR,0.1001,2846,1998,3,2,5/9/18,510000,SINGLE FAMILY
117 NEWHAVEN BLVD,0.1001,2846,1998,3,2,6/20/19,528000,SINGLE FAMILY
114 DATE PALM DR,0.1251,2806,1998,3,2,1/4/18,483500,SINGLE FAMILY
511 SWEET BAY CIR,0.1205,2807,1999,3,2,1/31/17,472000,SINGLE FAMILY
374 LEGARE CT,0.0698,2232,1999,3,2,11/2/18,370000,TOWNHOUSE
351 LEGARE CT,0.0473,1854,1999,3,2,7/12/19,313000,TOWNHOUSE
350 LEGARE CT,0.0381,1842,1999,3,2,2/25/17,285000,TOWNHOUSE
341 LEGARE CT,0.0473,1854,1999,3,2,10/24/19,325000,TOWNHOUSE
333 LEGARE CT,0.0381,1842,1999,3,2,7/24/17,288000,TOWNHOUSE
327 LEGARE CT,0.0381,1842,1999,3,2,9/22/17,275000,TOWNHOUSE
320 MARLBERRY CIR,0.0964,2848,1999,3,2,8/29/19,485000,SINGLE FAMILY
317 SWEET BAY CIR,0.101,2848,1999,3,2,11/16/18,525000,SINGLE FAMILY
313 BARBADOS DR,0.1496,2848,1999,3,2,8/17/18,510000,SINGLE FAMILY
312 LEGARE CT,0.0562,2220,1999,3,2,10/30/19,380000,TOWNHOUSE
312 LEGARE CT,0.0562,2220,1999,3,2,6/30/17,343250,TOWNHOUSE
308 LEGARE CT,0.0562,2220,1999,3,2,7/17/17,354000,TOWNHOUSE
306 LEGARE CT,0.0562,2220,1999,3,2,1/11/19,390000,TOWNHOUSE
272 MURRAY CT,0.0562,2220,1999,3,2,11/7/17,390000,TOWNHOUSE
264 MURRAY CT,0.0698,2232,1999,3,2,8/9/18,410000,TOWNHOUSE
251 MURRAY CT,0.0473,1854,1999,3,2,10/10/19,310000,TOWNHOUSE
250 MURRAY CT,0.0381,1842,1999,3,2,2/13/17,279000,TOWNHOUSE
244 GRENADA DR,0.0828,2232,1999,3,2,11/11/19,495000,TOWNHOUSE
243 MURRAY CT,0.0381,1842,1999,3,2,11/11/19,303000,TOWNHOUSE
240 GRENADA DR,0.0553,2220,1999,3,2,7/11/19,375000,TOWNHOUSE
237 NEWHAVEN BLVD,0.0553,2220,1999,3,2,6/20/17,340500,TOWNHOUSE
236 MURRAY CT,0.0473,1854,1999,3,2,5/14/19,298000,TOWNHOUSE
236 GRENADA DR,0.0553,2220,1999,3,2,5/21/18,370000,TOWNHOUSE
235 NEWHAVEN BLVD,0.0553,2220,1999,3,2,1/18/18,341250,TOWNHOUSE
234 MURRAY CT,0.0381,1842,1999,3,2,2/17/17,310000,TOWNHOUSE
234 GRENADA DR,0.0828,2232,1999,3,2,10/16/17,370000,TOWNHOUSE
233 NEWHAVEN BLVD,0.0553,2220,1999,3,2,11/7/19,345000,TOWNHOUSE
233 MURRAY CT,0.0381,1842,1999,3,2,8/21/19,297000,TOWNHOUSE
231 NEWHAVEN BLVD,0.0868,2232,1999,3,2,10/9/19,406000,TOWNHOUSE
231 MURRAY CT,0.0381,1842,1999,3,2,11/27/19,320000,TOWNHOUSE
231 MURRAY CT,0.0381,1842,1999,3,2,7/12/18,285000,TOWNHOUSE
230 GRENADA DR,0.0828,2232,1999,3,2,8/29/18,380000,TOWNHOUSE
226 MURRAY CT,0.0473,1854,1999,3,2,6/22/18,320000,TOWNHOUSE
224 GRENADA DR,0.0553,2220,1999,3,2,6/7/18,373000,TOWNHOUSE
210 MURRAY CT,0.0562,2220,1999,3,2,2/6/18,355000,TOWNHOUSE
202 POINCIANA DR,0.0865,2232,1999,3,2,6/28/18,395000,TOWNHOUSE
200 POINCIANA DR,0.0553,2220,1999,3,2,5/31/17,315000,TOWNHOUSE
196 POINCIANA DR,0.0553,2220,1999,3,2,10/20/17,350000,TOWNHOUSE
195 BERMUDA DR,0.0604,2220,1999,3,2,6/27/19,400000,TOWNHOUSE
192 POINCIANA DR,0.0865,2232,1999,3,2,1/26/17,350500,TOWNHOUSE
187 BERMUDA DR,0.0828,2232,1999,3,2,5/29/18,417500,TOWNHOUSE
178 FREEPORT DR,0.0553,2220,1999,3,2,4/12/17,378000,TOWNHOUSE
177 BERMUDA DR,0.0553,2220,1999,3,2,5/4/18,405000,TOWNHOUSE
174 FREEPORT DR,0.0558,2220,1999,3,2,12/17/18,400000,TOWNHOUSE
172 FREEPORT DR,0.0886,2232,1999,3,2,11/19/18,405000,TOWNHOUSE
168 WENTWORTH CT,0.0381,1842,1999,3,2,12/13/18,325000,TOWNHOUSE
164 HONEYSUCKLE DR,0.1198,2807,1999,3,2,9/7/18,514000,SINGLE FAMILY
159 HONEYSUCKLE DR,0.1207,2807,1999,3,2,3/19/19,489000,SINGLE FAMILY
159 BARBADOS DR,0.1484,2848,1999,3,2,5/20/18,600000,SINGLE FAMILY
159 BARBADOS DR,0.1484,2848,1999,3,2,1/3/17,502000,SINGLE FAMILY
157 HONEYSUCKLE DR,0.1697,2986,1999,3,2,4/13/18,509000,SINGLE FAMILY
156 BARBADOS DR,0.1807,3090,1999,3,2,9/18/17,635000,SINGLE FAMILY
155 BERMUDA DR,0.0829,2232,1999,3,2,5/23/17,375500,TOWNHOUSE
153 BERMUDA DR,0.0553,2220,1999,3,2,4/22/17,355000,TOWNHOUSE
150 SWEET BAY CIR,0.1532,3062,1999,3,2,7/31/18,624000,SINGLE FAMILY
148 WENTWORTH CT,0.0381,1842,1999,3,2,3/1/17,280000,TOWNHOUSE
147 BERMUDA DR,0.0553,2220,1999,3,2,4/12/19,385000,TOWNHOUSE
146 BERMUDA DR,0.0553,2220,1999,3,2,3/29/17,355000,TOWNHOUSE
145 BERMUDA DR,0.0828,2232,1999,3,2,9/11/19,430000,TOWNHOUSE
145 BERMUDA DR,0.0828,2232,1999,3,2,8/27/18,415000,TOWNHOUSE
138 SWEET BAY CIR,0.1519,3101,1999,3,2,6/14/19,590000,SINGLE FAMILY
132 WENTWORTH CT,0.0381,1842,1999,3,2,1/8/18,329000,TOWNHOUSE
131 BARBADOS DR,0.1495,2807,1999,3,2,11/20/18,525000,SINGLE FAMILY
130 WENTWORTH CT,0.0381,1842,1999,3,2,4/2/19,332000,TOWNHOUSE
130 SWEET BAY CIR,0.1548,3062,1999,3,2,5/22/17,530000,SINGLE FAMILY
125 DATE PALM DR,0.1205,2986,1999,3,2,5/16/18,513000,SINGLE FAMILY
115 DATE PALM DR,0.1378,2807,1999,3,2,7/3/19,490000,SINGLE FAMILY
112 WENTWORTH CT,0.0429,1842,1999,3,2,9/21/18,330000,TOWNHOUSE
110 CHERRY LAUREL DR,0.1556,2807,1999,3,2,9/14/18,480000,SINGLE FAMILY
109 DATE PALM DR,0.1337,2848,1999,3,2,3/8/17,479000,SINGLE FAMILY
6054 FOSTER ST,0.1378,2380,2000,3,2,9/19/18,355000,SINGLE FAMILY
6020 LESLIE ST,0.1601,2380,2000,3,2,10/22/18,375000,SINGLE FAMILY
312 ST LUCIA LN,0.1289,2848,2000,3,2,7/5/18,545000,SINGLE FAMILY
306 ST LUCIA LN,0.1734,2848,2000,3,2,3/14/17,515000,SINGLE FAMILY
196 BARBADOS DR,0.2006,3062,2000,3,2,10/10/17,607000,SINGLE FAMILY
193 BARBADOS DR,0.1492,2807,2000,3,2,9/26/17,455000,SINGLE FAMILY
187 BARBADOS DR,0.1492,2807,2000,3,2,1/31/18,498000,SINGLE FAMILY
182 BARBADOS DR,0.1935,3062,2000,3,2,8/13/18,570000,SINGLE FAMILY
156 ASHLEY CT,0.0381,1986,2000,3,2,5/22/17,284000,TOWNHOUSE
150 ASHLEY CT,0.0381,1986,2000,3,2,4/23/18,322500,TOWNHOUSE
145 COURTENAY CT,0.0747,2376,2000,3,2,8/27/19,388000,TOWNHOUSE
144 RADCLIFFE CT,0.0467,1998,2000,3,2,11/7/19,355000,TOWNHOUSE
139 ASHLEY CT,0.0386,1986,2000,3,2,6/30/17,280000,TOWNHOUSE
138 RADCLIFFE CT,0.0467,1998,2000,3,2,9/10/18,335000,TOWNHOUSE
137 RADCLIFFE CT,0.0479,1998,2000,3,2,10/19/17,320000,TOWNHOUSE
137 ASHLEY CT,0.0386,1986,2000,3,2,6/21/18,327000,TOWNHOUSE
135 COURTENAY CT,0.0748,2376,2000,3,2,5/28/19,399000,TOWNHOUSE
134 ASHLEY CT,0.0467,1998,2000,3,2,5/20/19,350000,TOWNHOUSE
127 RADCLIFFE CT,0.04,1986,2000,3,2,5/23/17,287500,TOWNHOUSE
126 RADCLIFFE CT,0.0362,1986,2000,3,2,4/16/19,313500,TOWNHOUSE
126 COURTENAY CT,0.0376,1986,2000,3,2,6/29/17,325000,TOWNHOUSE
125 ASHLEY CT,0.0386,1986,2000,3,2,1/29/19,350000,TOWNHOUSE
124 ASHLEY CT,0.0376,1986,2000,3,2,8/2/19,320000,TOWNHOUSE
122 ASHLEY CT,0.0467,1998,2000,3,2,3/13/18,329000,TOWNHOUSE
121 COURTENAY CT,0.0479,1998,2000,3,2,6/8/18,325000,TOWNHOUSE
114 COURTENAY CT,0.0689,2376,2000,3,2,4/11/18,397000,TOWNHOUSE
112 COURTENAY CT,0.0555,2364,2000,3,2,3/14/18,375000,TOWNHOUSE
111 ASHLEY CT,0.0553,2364,2000,3,2,2/12/19,365000,TOWNHOUSE
110 RADCLIFFE CT,0.0603,2364,2000,3,2,2/8/17,312500,TOWNHOUSE
108 RADCLIFFE CT,0.0603,2364,2000,3,2,6/5/17,350000,TOWNHOUSE
107 ASHLEY CT,0.0553,2364,2000,3,2,3/7/17,355000,TOWNHOUSE
105 ASHLEY CT,0.0686,2376,2000,3,2,11/26/18,390000,TOWNHOUSE
6068 DRAKE ST,0.1374,2386,2001,3,2,5/2/19,385000,SINGLE FAMILY
304 BOUGAINVILLEA DR,0.1239,2807,2001,3,2,2/13/17,465000,SINGLE FAMILY
288 NEWHAVEN BLVD,0.1323,2807,2001,3,2,7/25/18,530000,SINGLE FAMILY
244 POINCIANA DR,0.118,2848,2001,3,2,6/14/17,486000,SINGLE FAMILY
244 NEWHAVEN BLVD,0.118,2848,2001,3,2,5/18/18,463000,SINGLE FAMILY
237 POINCIANA DR,0.1286,2807,2001,3,2,5/24/19,560000,SINGLE FAMILY
234 JUNIPER WAY,0.1351,2654,2001,3,2,6/29/17,470000,SINGLE FAMILY
231 POINCIANA DR,0.1286,2807,2001,3,2,12/17/18,473000,SINGLE FAMILY
228 JUNIPER WAY,0.1264,2500,2001,3,2,6/19/19,475000,SINGLE FAMILY
223 POINCIANA DR,0.1286,2500,2001,3,2,5/17/19,450000,SINGLE FAMILY
220 NEWHAVEN BLVD,0.1263,2807,2001,3,2,4/3/18,500000,SINGLE FAMILY
219 SUGAR APPLE WAY,0.1263,2500,2001,3,2,6/28/18,500000,SINGLE FAMILY
218 MARLBERRY CIR,0.1115,1990,2001,2,2,5/31/17,362500,SINGLE FAMILY
216 NEWHAVEN BLVD,0.101,1990,2001,2,2,4/3/18,372500,SINGLE FAMILY
214 MARLBERRY CIR,0.1377,2807,2001,3,2,7/25/19,565000,SINGLE FAMILY
212 MARLBERRY CIR,0.1196,1990,2001,2,2,12/11/17,410000,SINGLE FAMILY
212 JUNIPER WAY,0.1263,2807,2001,3,2,4/12/19,500000,SINGLE FAMILY
191 WATERFORD DR,0.0728,2370,2001,3,2,12/14/16,324000,TOWNHOUSE
173 WATERFORD DR,0.0581,2364,2001,3,2,3/19/18,399000,TOWNHOUSE
167 WATERFORD DR,0.0581,2364,2001,3,2,6/23/17,320000,TOWNHOUSE
167 PROMENADE WAY,0.101,1990,2001,2,2,9/23/19,385000,SINGLE FAMILY
166 PROMENADE WAY,0.132,2654,2001,3,2,7/7/17,465000,SINGLE FAMILY
166 MILBRIDGE DR,0.0727,2370,2001,3,2,4/23/19,390000,TOWNHOUSE
166 MILBRIDGE DR,0.0727,2370,2001,3,2,9/12/18,385000,TOWNHOUSE
160 MILBRIDGE DR,0.0727,2370,2001,3,2,5/22/18,390000,TOWNHOUSE
159 PROMENADE WAY,0.0728,2370,2001,3,2,8/19/19,390000,TOWNHOUSE
154 MIDDLEBURY DR,0.079,2278,2001,3,2,5/30/17,365500,TOWNHOUSE
152 MILBRIDGE DR,0.058,2364,2001,3,2,7/12/19,350000,TOWNHOUSE
145 WATERFORD DR,0.0798,2278,2001,3,2,3/11/19,390000,TOWNHOUSE
143 WATERFORD DR,0.0728,2294,2001,3,2,6/12/17,344900,TOWNHOUSE
143 FARMINGDALE DR,0.0827,2382,2001,3,2,11/28/17,365900,TOWNHOUSE
139 WATERFORD DR,0.0792,2382,2001,3,2,10/18/18,368500,TOWNHOUSE
139 POINCIANA DR,0.1028,1990,2001,2,2,1/9/18,379000,SINGLE FAMILY
138 NEWCASTLE DR,0.1517,2640,2001,3,2,4/24/19,475000,SINGLE FAMILY
138 NEWCASTLE DR,0.1517,2640,2001,3,2,12/1/16,437500,SINGLE FAMILY
138 MERRIMACK WAY,0.1318,2278,2001,3,2,7/7/17,370000,TOWNHOUSE
137 WATERFORD DR,0.1579,2848,2001,3,2,3/17/18,486000,SINGLE FAMILY
136 MILBRIDGE DR,0.058,2364,2001,3,2,8/2/19,357000,TOWNHOUSE
133 ROCKINGHAM RD,0.1449,2500,2001,3,2,5/13/19,472000,SINGLE FAMILY
132 POINCIANA DR,0.101,1990,2001,2,2,5/19/17,345000,SINGLE FAMILY
132 NEWCASTLE DR,0.1888,2848,2001,3,2,7/28/17,535000,SINGLE FAMILY
132 MILBRIDGE DR,0.058,2364,2001,3,2,7/19/19,360000,TOWNHOUSE
131 ROCKINGHAM RD,0.1654,2966,2001,3,2,1/29/19,515000,SINGLE FAMILY
131 FARMINGDALE DR,0.0761,2294,2001,3,2,11/13/19,390000,TOWNHOUSE
131 FARMINGDALE DR,0.0761,2294,2001,3,2,4/21/17,378000,TOWNHOUSE
128 NEWCASTLE DR,0.1403,2640,2001,3,2,6/5/17,469000,SINGLE FAMILY
128 MILBRIDGE DR,0.0838,2376,2001,3,2,12/5/16,340000,TOWNHOUSE
124 POINCIANA DR,0.1322,2966,2001,3,2,10/28/19,589999,SINGLE FAMILY
122 SYCAMORE DR,0.1248,2848,2001,3,2,8/22/18,517400,SINGLE FAMILY
120 MILBRIDGE DR,0.0727,2370,2001,3,2,8/22/19,387000,TOWNHOUSE
120 MARLBERRY CIR,0.1016,1990,2001,2,2,7/15/19,377000,SINGLE FAMILY
118 HONEYSUCKLE DR,0.118,2848,2001,3,2,5/14/18,487500,SINGLE FAMILY
117 WATERFORD DR,0.0566,2364,2001,3,2,7/18/18,299500,TOWNHOUSE
117 ROCKINGHAM RD,0.1449,2654,2001,3,2,7/13/17,454000,SINGLE FAMILY
117 ROCKINGHAM RD,0.1449,2654,2001,3,2,5/5/17,454000,SINGLE FAMILY
116 MIDDLEBURY DR,0.1397,2640,2001,3,2,3/19/19,440000,SINGLE FAMILY
115 HONEYSUCKLE DR,0.1255,2640,2001,3,2,6/22/18,478000,SINGLE FAMILY
115 ANDOVER DR,0.0805,2294,2001,3,2,12/5/16,370000,TOWNHOUSE
114 MILBRIDGE DR,0.1118,2848,2001,3,2,6/4/19,522000,SINGLE FAMILY
112 ROCKINGHAM RD,0.101,2979,2001,3,2,8/8/19,528000,SINGLE FAMILY
111 PROMENADE WAY,0.0792,2382,2001,3,2,5/14/19,399000,TOWNHOUSE
111 POINCIANA DR,0.1414,1990,2001,2,2,11/1/17,370000,SINGLE FAMILY
111 MILBRIDGE DR,0.1485,2414,2001,3,2,6/20/19,502000,SINGLE FAMILY
111 HONEYSUCKLE DR,0.1173,2966,2001,3,2,10/4/17,500000,SINGLE FAMILY
110 ROCKINGHAM RD,0.1388,2654,2001,3,2,3/28/19,462000,SINGLE FAMILY
110 NEWCASTLE DR,0.1008,1990,2001,2,2,8/26/19,365000,SINGLE FAMILY
108 WATERFORD DR,0.0848,2376,2001,3,2,3/18/19,362500,TOWNHOUSE
107 ROCKINGHAM RD,0.1449,2640,2001,3,2,12/9/16,450000,SINGLE FAMILY
105 ROCKINGHAM RD,0.155,2654,2001,3,2,6/6/18,460000,SINGLE FAMILY
104 WATERFORD DR,0.0573,2364,2001,3,2,10/22/18,342500,TOWNHOUSE
896 UNIVERSITY BLVD,0.0312,2274,2002,3,2,8/19/19,318000,TOWNHOUSE
894 UNIVERSITY BLVD,0.0309,2274,2002,3,2,5/22/17,302000,TOWNHOUSE
147 INDIAN CROSSING CIR,0.0413,2573,2002,3,2,8/21/19,318000,TOWNHOUSE
145 INDIAN CROSSING CIR,0.0275,2289,2002,3,2,1/24/18,302500,TOWNHOUSE
143 INDIAN CROSSING CIR,0.0275,2419,2002,3,2,7/12/19,305000,TOWNHOUSE
139 INDIAN CROSSING CIR,0.0275,2274,2002,3,2,10/10/19,302000,TOWNHOUSE
135 INDIAN CROSSING CIR,0.0435,2573,2002,3,2,12/6/16,325000,TOWNHOUSE
133 INDIAN CROSSING CIR,0.0317,2274,2002,3,2,11/29/18,295000,TOWNHOUSE
131 INDIAN CROSSING CIR,0.0315,2274,2002,3,2,8/30/18,285000,TOWNHOUSE
117 OSCEOLA LN,0.0483,2533,2002,3,2,10/21/17,320000,TOWNHOUSE
115 APALACHEE LN,0.0275,2274,2002,3,2,3/8/18,300000,TOWNHOUSE
113 INDIAN CROSSING CIR,0.0413,2533,2002,3,2,2/28/17,295000,TOWNHOUSE
109 INDIAN CROSSING CIR,0.0275,2419,2002,3,2,7/23/18,279000,TOWNHOUSE
106 POWELL LN,0.0275,2274,2002,3,2,10/8/18,302000,TOWNHOUSE
106 INDIAN CROSSING CIR,0.0302,2419,2002,3,2,7/19/17,302000,TOWNHOUSE
105 INDIAN CROSSING CIR,0.0276,2274,2002,3,2,7/31/18,285000,TOWNHOUSE
104 INDIAN CROSSING CIR,0.0299,2274,2002,3,2,7/31/18,310000,TOWNHOUSE
103 ARPEICKA LN,0.0486,2533,2002,3,2,8/6/18,300000,TOWNHOUSE
102 INDIAN CROSSING CIR,0.043,2573,2002,3,2,8/25/17,251200,TOWNHOUSE
4123 COMMUNITY DR,0.0643,2407,2003,3,2,6/7/18,370000,TOWNHOUSE
4122 COMMUNITY DR,0.0685,2407,2003,3,2,3/13/17,338000,TOWNHOUSE
4115 COMMUNITY DR,0.093,2419,2003,3,2,1/25/18,405000,TOWNHOUSE
4015 COMMUNITY DR,0.1896,3009,2003,3,2,12/26/18,550000,SINGLE FAMILY
376 SAN REMO DR,0.1498,2853,2003,3,2,4/12/18,495000,SINGLE FAMILY
372 SAN REMO DR,0.1498,3102,2003,3,2,5/15/19,525000,SINGLE FAMILY
356 SAN REMO DR,0.12,1990,2003,3,2,3/26/18,407500,SINGLE FAMILY
352 SAN REMO DR,0.1946,2756,2003,3,2,7/19/18,499500,SINGLE FAMILY
292 SAN REMO DR,0.1803,3035,2003,3,2,12/12/17,525000,SINGLE FAMILY
284 SAN REMO DR,0.1905,3009,2003,3,2,10/2/17,526500,SINGLE FAMILY
256 SAN REMO DR,0.1891,3009,2003,3,2,6/30/17,500000,SINGLE FAMILY
251 SAN REMO DR,0.1834,3102,2003,3,2,2/1/17,475000,SINGLE FAMILY
1967 FREDERICK SMALL RD,0.0582,2407,2003,3,2,7/19/19,369400,TOWNHOUSE
1963 FREDERICK SMALL RD,0.0582,2407,2003,3,2,5/23/18,367500,TOWNHOUSE
1893 FREDERICK SMALL RD,0.0582,2407,2003,3,2,7/6/18,325000,TOWNHOUSE
1885 FREDERICK SMALL RD,0.0868,2419,2003,3,2,8/3/17,350000,TOWNHOUSE
1881 FREDERICK SMALL RD,0.0835,2419,2003,3,2,5/3/18,355778,TOWNHOUSE
1877 FREDERICK SMALL RD,0.0582,2407,2003,3,2,8/20/18,350000,TOWNHOUSE
1683 FREDERICK SMALL RD,0.0582,2407,2003,3,2,5/6/19,370000,TOWNHOUSE
1671 FREDERICK SMALL RD,0.0582,2407,2003,3,2,11/3/17,330000,TOWNHOUSE
1655 FREDERICK SMALL RD,0.0583,2407,2003,3,2,5/12/17,359900,TOWNHOUSE
1651 FREDERICK SMALL RD,0.0583,2407,2003,3,2,12/14/16,320000,TOWNHOUSE
1635 FREDERICK SMALL RD,0.0586,2407,2003,3,2,8/23/17,355000,TOWNHOUSE
163 APALACHEE LN,0.0375,2533,2003,3,2,12/7/18,323000,TOWNHOUSE
1627 FREDERICK SMALL RD,0.0584,2407,2003,3,2,12/28/18,370000,TOWNHOUSE
1603 FREDERICK SMALL RD,0.1111,2419,2003,3,2,7/5/17,338000,TOWNHOUSE
156 MORNING DEW CIR,0.051,2533,2003,3,2,12/19/16,309000,TOWNHOUSE
154 MORNING DEW CIR,0.0299,2274,2003,3,2,3/22/18,307000,TOWNHOUSE
153 APALACHEE LN,0.0413,2533,2003,3,2,5/31/17,308500,TOWNHOUSE
1525 MEADS BAY LN,0.0335,1610,2003,2,2,6/30/17,255000,TOWNHOUSE
146 MORNING DEW CIR,0.0298,2274,2003,3,2,10/31/19,310000,TOWNHOUSE
144 MORNING DEW CIR,0.0298,2314,2003,3,2,7/14/17,290000,TOWNHOUSE
141 MORNING DEW CIR,0.0409,2573,2003,3,2,7/18/17,320000,TOWNHOUSE
136 SAVONA DR,0.2557,3216,2003,3,2,8/1/19,590000,SINGLE FAMILY
135 SARDINIA CIR,0.223,3216,2003,3,2,10/3/18,605000,SINGLE FAMILY
131 SARDINIA CIR,0.1801,2853,2003,3,2,1/19/18,490000,SINGLE FAMILY
130 MORNING DEW CIR,0.0275,2274,2003,3,2,9/21/18,317500,TOWNHOUSE
128 MORNING DEW CIR,0.0413,2573,2003,3,2,7/24/19,315000,TOWNHOUSE
126 JESUP LN,0.0539,2533,2003,3,2,3/24/17,310300,TOWNHOUSE
124 JESUP LN,0.0307,2274,2003,3,2,9/13/19,305000,TOWNHOUSE
120 MORNING DEW CIR,0.0275,2274,2003,3,2,5/22/19,139900,TOWNHOUSE
114 OSCEOLA LN,0.0275,2274,2003,3,2,2/17/19,276000,TOWNHOUSE
112 OSCEOLA LN,0.0412,2533,2003,3,2,2/11/19,306000,TOWNHOUSE
112 OSCEOLA LN,0.0412,2533,2003,3,2,12/17/18,306000,TOWNHOUSE
111 OSCEOLA LN,0.0276,2274,2003,3,2,10/10/18,309000,TOWNHOUSE
110 ARPEICKA LN,0.0275,2314,2003,3,2,1/14/19,290000,TOWNHOUSE
108 JESUP LN,0.0461,2533,2003,3,2,9/12/19,318000,TOWNHOUSE
106 JESUP LN,0.0298,2314,2003,3,2,8/15/19,297000,TOWNHOUSE
104 OSCEOLA LN,0.0275,2274,2003,3,2,11/21/17,285000,TOWNHOUSE
103 OSCEOLA LN,0.0447,2533,2003,3,2,8/26/19,305000,TOWNHOUSE
4281 MAIN ST,0.0335,2484,2004,2,2,9/19/17,305000,TOWNHOUSE
4277 MAIN ST,0.0335,2484,2004,2,2,5/24/18,290000,TOWNHOUSE
4191 MAIN ST,0.0335,2484,2004,2,2,4/10/17,280000,TOWNHOUSE
4187 MAYA CAY LN,0.0335,1610,2004,2,2,2/19/19,280000,TOWNHOUSE
4186 ST LUKES LN,0.0335,1610,2004,2,2,5/16/17,245000,TOWNHOUSE
4184 STADIUM DR,0.0335,1610,2004,2,2,7/10/19,265000,TOWNHOUSE
4183 MAYA CAY LN,0.0335,1610,2004,3,2,6/4/19,263900,TOWNHOUSE
4171 MAYA CAY LN,0.0335,1610,2004,3,2,8/2/18,277750,TOWNHOUSE
4171 MAIN ST,0.0335,2484,2004,2,2,6/28/17,269900,TOWNHOUSE
4170 ST LUKES LN,0.0335,1610,2004,3,2,3/15/19,248000,TOWNHOUSE
4167 MAYA CAY LN,0.0335,1610,2004,2,2,5/3/19,250000,TOWNHOUSE
4167 MAIN ST,0.0335,2484,2004,2,2,10/8/19,400000,TOWNHOUSE
4163 MAYA CAY LN,0.0335,1610,2004,3,2,9/25/18,278000,TOWNHOUSE
4159 MAIN ST,0.0335,2484,2004,2,2,12/28/18,295000,TOWNHOUSE
4155 MAYA CAY LN,0.0498,2508,2004,3,2,8/21/19,320000,TOWNHOUSE
4154 ST LUKES LN,0.0498,2508,2004,3,2,3/13/17,295000,TOWNHOUSE
415 SAN REMO DR,0.2252,3015,2004,3,2,6/16/17,450000,SINGLE FAMILY
3411 GREENWAY DR,0.1501,2756,2004,3,2,9/14/18,495000,SINGLE FAMILY
226 SAN REMO DR,0.1847,3009,2004,3,2,11/15/18,585000,SINGLE FAMILY
221 FLORENCE DR,0.1516,3102,2004,3,2,7/1/19,557000,SINGLE FAMILY
184 SAN REMO DR,0.1679,2756,2004,3,2,10/1/18,480000,SINGLE FAMILY
169 SAN REMO DR,0.1475,3102,2004,3,2,5/30/19,530000,SINGLE FAMILY
167 FLORENCE DR,0.2225,3009,2004,3,2,2/13/17,550000,SINGLE FAMILY
162 SAN REMO DR,0.1557,2756,2004,3,2,8/20/19,524500,SINGLE FAMILY
162 SAN REMO DR,0.1557,2756,2004,3,2,11/30/17,515000,SINGLE FAMILY
159 FLORENCE DR,0.1959,3009,2004,3,2,9/12/19,610000,SINGLE FAMILY
1512 FREDERICK SMALL RD,0.0335,1610,2004,2,2,10/30/19,260000,TOWNHOUSE
1467 SCILLY CAY LN,0.0478,1634,2004,3,2,2/21/17,250000,TOWNHOUSE
1456 CUPCOY AVE,0.0335,1610,2004,2,2,8/14/19,265000,TOWNHOUSE
1455 CADES BAY AVE,0.0335,2484,2004,2,2,12/21/18,315000,TOWNHOUSE
1452 CUPCOY AVE,0.0335,1610,2004,2,2,3/28/17,250000,TOWNHOUSE
1452 CORBISON POINT PL,0.0335,2484,2004,2,2,9/19/17,290000,TOWNHOUSE
1451 SCILLY CAY LN,0.0335,1610,2004,2,2,3/28/18,275775,TOWNHOUSE
1448 CORBISON POINT PL,0.0335,2484,2004,2,2,5/6/17,283000,TOWNHOUSE
1447 SCILLY CAY LN,0.0335,1610,2004,2,2,4/4/18,260000,TOWNHOUSE
137 SAN REMO DR,0.2217,2756,2004,3,2,1/24/18,505000,SINGLE FAMILY
123 FLORENCE DR,0.2179,3009,2004,3,2,9/18/17,550000,SINGLE FAMILY
122 FLORENCE DR,0.1898,3102,2004,3,2,8/30/17,528000,SINGLE FAMILY
118 FLORENCE DR,0.192,2756,2004,3,2,1/8/19,493000,SINGLE FAMILY
107 SAN REMO DR,0.2331,2756,2004,3,2,7/6/18,495000,SINGLE FAMILY
509 CARAVELLE DR,0.1498,2796,2005,3,2,6/14/19,485000,SINGLE FAMILY
4345 PARKSIDE DR,0.0562,1874,2005,3,2,9/2/17,274000,TOWNHOUSE
4340 MAIN ST,0.0335,2484,2005,2,2,9/11/18,310000,TOWNHOUSE
4328 MAIN ST,0.0335,2484,2005,2,2,1/22/18,295000,TOWNHOUSE
4325 PARKSIDE DR,0.0486,1634,2005,3,2,11/29/18,275000,TOWNHOUSE
4316 BLOWING POINT PL,0.0335,2484,2005,2,2,4/24/18,300000,TOWNHOUSE
4313 SAVANNAH BAY PL,0.0335,2484,2005,2,2,3/12/19,345000,TOWNHOUSE
4313 SAVANNAH BAY PL,0.0335,2484,2005,2,2,8/17/17,320000,TOWNHOUSE
4313 PARKSIDE DR,0.0335,1610,2005,3,2,3/30/18,269000,TOWNHOUSE
4312 MAIN ST,0.0335,2484,2005,2,2,12/7/18,310000,TOWNHOUSE
4305 PARKSIDE DR,0.0335,1610,2005,3,2,6/13/19,282500,TOWNHOUSE
4250 MAIN ST,0.0335,2484,2005,2,2,8/15/18,290000,TOWNHOUSE
4246 MAIN ST,0.0335,2484,2005,2,2,7/28/17,283900,TOWNHOUSE
4234 MAIN ST,0.0335,2484,2005,2,2,5/5/18,305000,TOWNHOUSE
4234 MAIN ST,0.0335,2484,2005,2,2,3/6/17,290000,TOWNHOUSE
4122 OYSTER POND WAY,0.0335,2484,2005,2,2,3/30/17,289000,TOWNHOUSE
4118 GREENWAY DR,0.0335,2484,2005,2,2,1/10/18,285000,TOWNHOUSE
4115 SANDY SPIT LN,0.0335,2484,2005,2,2,6/19/18,305000,TOWNHOUSE
4111 SANDY SPIT LN,0.0335,2484,2005,2,2,6/7/19,295000,TOWNHOUSE
3408 COMMUNITY DR,0.0534,2022,2005,3,2,2/16/18,315000,TOWNHOUSE
3384 COMMUNITY DR,0.0534,2022,2005,3,2,8/24/18,317000,TOWNHOUSE
3384 COMMUNITY DR,0.0534,2022,2005,3,2,1/9/18,310000,TOWNHOUSE
3333 COMMUNITY DR,0.0534,2022,2005,3,2,1/4/19,300000,TOWNHOUSE
3304 COMMUNITY DR,0.043,2022,2005,3,2,8/20/19,300000,TOWNHOUSE
3264 COMMUNITY DR,0.043,2022,2005,3,2,3/11/19,324000,TOWNHOUSE
3256 COMMUNITY DR,0.043,2022,2005,3,2,8/14/19,315000,TOWNHOUSE
3256 COMMUNITY DR,0.043,2022,2005,3,2,5/19/18,302000,TOWNHOUSE
3248 COMMUNITY DR,0.043,2022,2005,3,2,4/30/18,308500,TOWNHOUSE
3240 COMMUNITY DR,0.0535,2022,2005,3,2,5/24/19,333500,TOWNHOUSE
3239 COMMUNITY DR,0.0535,2022,2005,3,2,12/6/18,337000,TOWNHOUSE
3232 COMMUNITY DR,0.0535,2022,2005,3,2,7/17/17,298000,TOWNHOUSE
3208 COMMUNITY DR,0.0535,2022,2005,3,2,11/27/18,330000,TOWNHOUSE
3192 COMMUNITY DR,0.043,2022,2005,3,2,6/12/17,285000,TOWNHOUSE
3184 COMMUNITY DR,0.043,2022,2005,3,2,1/16/18,298000,TOWNHOUSE
3175 COMMUNITY DR,0.043,2022,2005,3,2,9/30/19,317000,TOWNHOUSE
3167 COMMUNITY DR,0.0535,2022,2005,3,2,7/14/17,288000,TOWNHOUSE
3152 COMMUNITY DR,0.0433,2022,2005,3,2,10/10/19,330000,TOWNHOUSE
3144 COMMUNITY DR,0.0615,2022,2005,3,2,1/6/17,290000,TOWNHOUSE
3135 COMMUNITY DR,0.0535,2022,2005,3,2,6/19/19,325000,TOWNHOUSE
3127 COMMUNITY DR,0.0535,2022,2005,3,2,1/30/17,296000,TOWNHOUSE
3073 COMMUNITY DR,0.0422,2022,2005,3,2,11/6/17,300777,TOWNHOUSE
3049 COMMUNITY DR,0.0533,2022,2005,3,2,4/1/17,89750,TOWNHOUSE
3041 COMMUNITY DR,0.0561,2022,2005,3,2,7/15/19,365000,TOWNHOUSE
3024 COMMUNITY DR,0.0445,2022,2005,3,2,10/17/17,300000,TOWNHOUSE
2953 COMMUNITY DR,0.0564,2022,2005,3,2,1/19/18,305000,TOWNHOUSE
291 CARAVELLE DR,0.122,3015,2005,3,2,5/15/19,532500,SINGLE FAMILY
2905 COMMUNITY DR,0.0579,2022,2005,3,2,6/27/18,311000,TOWNHOUSE
2873 COMMUNITY DR,0.0493,2022,2005,3,2,2/28/17,287000,TOWNHOUSE
2865 COMMUNITY DR,0.0505,2022,2005,3,2,12/13/17,300000,TOWNHOUSE
2860 COMMUNITY DR,0.0445,2022,2005,3,2,3/1/17,287000,TOWNHOUSE
2857 COMMUNITY DR,0.0656,2022,2005,3,2,10/24/18,325000,TOWNHOUSE
2849 COMMUNITY DR,0.0671,2022,2005,3,2,11/15/18,320000,TOWNHOUSE
2844 COMMUNITY DR,0.0445,2022,2005,3,2,5/30/17,289000,TOWNHOUSE
2841 COMMUNITY DR,0.0545,2022,2005,3,2,1/11/17,287100,TOWNHOUSE
2796 COMMUNITY DR,0.0618,2022,2005,3,2,3/23/19,312000,TOWNHOUSE
2737 COMMUNITY DR,0.0938,2419,2005,3,2,7/25/17,345900,TOWNHOUSE
2640 COMMUNITY DR,0.1711,2694,2005,3,2,6/9/17,492500,SINGLE FAMILY
2593 COMMUNITY DR,0.147,3015,2005,3,2,8/29/19,520000,SINGLE FAMILY
2593 COMMUNITY DR,0.147,3015,2005,3,2,8/24/18,500000,SINGLE FAMILY
2592 COMMUNITY DR,0.2213,2822,2005,3,2,10/2/18,475000,SINGLE FAMILY
2577 COMMUNITY DR,0.1802,3015,2005,3,2,6/28/17,575000,SINGLE FAMILY
243 CARAVELLE DR,0.1805,2706,2005,3,2,4/17/19,495000,SINGLE FAMILY
235 CARAVELLE DR,0.1274,3015,2005,3,2,3/3/17,475000,SINGLE FAMILY
215 CARAVELLE DR,0.1603,2706,2005,3,2,11/20/17,470000,SINGLE FAMILY
198 CARAVELLE DR,0.1287,2419,2005,3,2,7/10/17,342500,TOWNHOUSE
190 CARAVELLE DR,0.0761,2419,2005,3,2,6/21/18,372000,TOWNHOUSE
1587 FREDERICK SMALL RD,0.0335,1610,2005,3,2,10/19/18,258500,TOWNHOUSE
1586 FREDERICK SMALL RD,0.0335,1610,2005,3,2,4/27/17,237000,TOWNHOUSE
1583 FREDERICK SMALL RD,0.0335,1610,2005,2,2,7/11/17,250000,TOWNHOUSE
1582 FREDERICK SMALL RD,0.0335,1610,2005,3,2,3/15/19,260000,TOWNHOUSE
1579 FREDERICK SMALL RD,0.0335,1610,2005,2,2,7/30/19,265000,TOWNHOUSE
1578 GRANDE CULL WAY,0.0335,2484,2005,2,2,6/14/18,275000,TOWNHOUSE
1575 FREDERICK SMALL RD,0.0335,1610,2005,3,2,6/6/17,270000,TOWNHOUSE
1570 FREDERICK SMALL RD,0.052,1960,2005,3,2,1/3/18,296000,TOWNHOUSE
1566 GRANDE CULL WAY,0.0478,2508,2005,3,2,11/30/17,339000,TOWNHOUSE
1557 FREDERICK SMALL RD,0.0335,1610,2005,3,2,9/21/19,265000,TOWNHOUSE
1556 FREDERICK SMALL RD,0.0335,1610,2005,3,2,6/5/17,249000,TOWNHOUSE
1554 GRANDE CULL WAY,0.0478,2508,2005,3,2,5/20/19,325000,TOWNHOUSE
1554 GRANDE CULL WAY,0.0478,2508,2005,3,2,3/28/17,307500,TOWNHOUSE
1552 FREDERICK SMALL RD,0.0335,1610,2005,2,2,4/25/19,260000,TOWNHOUSE
1549 FREDERICK SMALL RD,0.0335,1610,2005,3,2,1/17/19,268500,TOWNHOUSE
1546 LIMETREE BAY AVE,0.0335,2484,2005,2,2,3/7/17,290000,TOWNHOUSE
1533 CADES BAY AVE,0.0335,2529,2005,2,2,7/19/19,345000,TOWNHOUSE
1530 LIMETREE BAY AVE,0.0335,1610,2005,3,2,12/27/17,252500,TOWNHOUSE
1530 LIMETREE BAY AVE,0.0335,1610,2005,3,2,2/28/17,230000,TOWNHOUSE
1526 CORBISON POINT PL,0.0335,2484,2005,2,2,11/15/18,347000,TOWNHOUSE
1522 CORBISON POINT PL,0.047,2508,2005,3,2,9/9/19,320000,TOWNHOUSE
1484 FREDERICK SMALL RD,0.0335,1610,2005,2,2,9/24/18,260000,TOWNHOUSE
765 DAKOTA DR,0.0721,2632,2006,3,2,2/23/18,378000,TOWNHOUSE
761 DAKOTA DR,0.0555,2320,2006,3,2,5/10/19,355000,TOWNHOUSE
753 DAKOTA DR,0.0552,2320,2006,3,2,5/15/19,350500,TOWNHOUSE
733 DAKOTA DR,0.0545,2016,2006,3,2,4/26/17,280000,TOWNHOUSE
2681 COMMUNITY DR,0.1499,2706,2006,3,2,10/10/18,485000,SINGLE FAMILY
2621 COMMUNITY DR,0.1401,3015,2006,3,2,8/29/18,525000,SINGLE FAMILY
262 QUARRY KNOLL WAY,0.0282,2226,2006,2,2,6/23/17,283000,TOWNHOUSE
228 QUARRY KNOLL WAY,0.0282,2226,2006,2,2,8/11/17,262000,TOWNHOUSE
223 MULLIGAN PL,0.0495,2070,2006,3,2,10/12/18,320000,TOWNHOUSE
219 MULLIGAN PL,0.0726,2632,2006,3,2,3/15/18,400000,TOWNHOUSE
194 QUARRY KNOLL WAY,0.0282,2286,2006,2,2,3/20/17,277500,TOWNHOUSE
1760 COMMUNITY DR,0.1494,3015,2006,3,2,8/28/19,578000,SINGLE FAMILY
176 CAT ROCK LN,0.0423,2328,2006,2,2,4/11/19,295000,TOWNHOUSE
175 MULLIGAN PL,0.0494,2070,2006,3,2,8/9/17,325000,TOWNHOUSE
1719 COMMUNITY DR,0.2052,3077,2006,3,2,1/11/18,550000,SINGLE FAMILY
171 MULLIGAN PL,0.0724,2632,2006,3,2,7/31/17,380000,TOWNHOUSE
167 GREENWICH CIR,0.0503,2328,2006,2,2,5/6/19,305000,TOWNHOUSE
159 MULLIGAN PL,0.0494,2320,2006,3,2,9/9/17,312500,TOWNHOUSE
159 GREENWICH CIR,0.0278,2286,2006,2,2,7/13/18,288000,TOWNHOUSE
1557 MEADS BAY LN,0.0335,2484,2006,2,2,12/14/16,280000,TOWNHOUSE
1550 GRANDE CULL WAY,0.0478,2508,2006,3,2,5/7/18,315000,TOWNHOUSE
155 GREENWICH CIR,0.0278,2226,2006,2,2,9/20/19,297000,TOWNHOUSE
1549 MEADS BAY LN,0.0335,2484,2006,2,2,7/30/18,322000,TOWNHOUSE
1545 MEADS BAY LN,0.0335,2484,2006,2,2,4/26/18,320000,TOWNHOUSE
1541 MEADS BAY LN,0.0486,2463,2006,3,2,9/29/17,306000,TOWNHOUSE
154 CAT ROCK LN,0.0278,2226,2006,2,2,8/23/17,283500,TOWNHOUSE
151 MIDLETON WAY,0.0723,2632,2006,3,2,5/11/18,378000,TOWNHOUSE
150 CAT ROCK LN,0.0278,2286,2006,2,2,5/18/17,277500,TOWNHOUSE
147 CAT ROCK LN,0.0423,2328,2006,2,2,5/9/19,285000,TOWNHOUSE
143 MULLIGAN PL,0.0722,2632,2006,3,2,1/18/18,393000,TOWNHOUSE
140 MIDLETON WAY,0.0721,2969,2006,3,2,8/28/18,407000,TOWNHOUSE
136 MIDLETON WAY,0.0492,2070,2006,3,2,12/14/16,305000,TOWNHOUSE
134 CAT ROCK LN,0.0431,2286,2006,2,2,4/3/17,278000,TOWNHOUSE
132 ST PIERRE WAY,0.1514,2796,2006,3,2,7/12/17,435000,SINGLE FAMILY
132 MIDLETON WAY,0.0492,1908,2006,3,2,10/6/17,275000,TOWNHOUSE
132 GLENCULLEN CIR,0.1936,2910,2006,3,2,9/20/19,537000,SINGLE FAMILY
131 GREENWICH CIR,0.0383,2286,2006,2,2,10/22/19,300000,TOWNHOUSE
128 MIDLETON WAY,0.0492,1908,2006,3,2,4/11/18,308000,TOWNHOUSE
128 CAT ROCK LN,0.0423,2286,2006,2,2,3/19/18,278000,TOWNHOUSE
127 MULLIGAN PL,0.0495,2242,2006,3,2,5/24/17,365000,TOWNHOUSE
127 GREENWICH CIR,0.0423,2286,2006,2,2,11/11/19,291000,TOWNHOUSE
127 DUNMORE DR,0.1435,2905,2006,4,2,11/6/19,497000,SINGLE FAMILY
123 MULLIGAN PL,0.0725,2632,2006,3,2,12/22/17,258500,TOWNHOUSE
123 DUNMORE DR,0.1435,4847,2006,4,2,5/31/19,625000,SINGLE FAMILY
119 GREENWICH CIR,0.0278,2286,2006,2,2,11/15/19,330000,TOWNHOUSE
114 CASTRIES DR,0.1624,2822,2006,3,2,3/6/17,460000,SINGLE FAMILY
111 MULLIGAN PL,0.0495,2320,2006,3,2,10/23/19,375000,TOWNHOUSE
110 WICKLOW LN,0.1987,2910,2006,3,2,9/16/18,515000,SINGLE FAMILY
110 MACREDDIN PL,0.1291,4919,2006,4,2,11/30/18,611250,SINGLE FAMILY
107 MULLIGAN PL,0.0495,2320,2006,3,2,9/25/17,357000,TOWNHOUSE
107 DUNMORE DR,0.1435,4919,2006,4,2,6/6/17,625000,SINGLE FAMILY
106 CASTRIES DR,0.1252,3015,2006,3,2,10/8/19,546500,SINGLE FAMILY
103 VENTRY AVE,0.1637,4847,2006,4,2,6/11/18,555000,SINGLE FAMILY
563 DAKOTA DR,0.0568,2070,2007,3,2,7/31/18,325000,TOWNHOUSE
3450 MALLORY BLVD,0.17,3065,2007,2,2,3/12/19,525000,SINGLE FAMILY
3326 JOSEPHINE ST,0.1039,2549,2007,3,2,8/8/18,464000,TOWNHOUSE
314 ENNIS LN,0.0519,2070,2007,3,2,7/20/17,309900,TOWNHOUSE
178 LISMORE LN,0.0494,2070,2007,3,2,10/9/18,355000,TOWNHOUSE
174 LISMORE LN,0.0494,2016,2007,3,2,7/27/18,325000,TOWNHOUSE
167 ARKLOW AVE,0.1578,2651,2007,3,2,5/24/19,485000,SINGLE FAMILY
154 LISMORE LN,0.0573,2320,2007,3,2,5/22/18,350000,TOWNHOUSE
1458 SUNSHINE DR,0.0719,2490,2007,2,2,1/19/18,350000,TOWNHOUSE
1446 SUNSHINE DR,0.0719,2428,2007,3,2,6/22/19,380000,TOWNHOUSE
138 ENNIS LN,0.05,2016,2007,3,2,10/26/17,280000,TOWNHOUSE
1330 SUNSHINE DR,0.118,2549,2007,3,2,5/10/17,460000,TOWNHOUSE
132 REGIONS WAY,0.0275,2184,2007,2,2,12/22/16,251000,TOWNHOUSE
1315 WINDLEY KEY WAY,0.1669,3065,2007,3,2,12/16/16,515000,SINGLE FAMILY
1315 DUVAL ST,0.152,2830,2007,3,2,1/25/18,490000,SINGLE FAMILY
1310 SUNSHINE DR,0.0732,2475,2007,3,2,8/14/19,420000,TOWNHOUSE
130 LISMORE LN,0.0573,2242,2007,3,2,7/30/19,375000,TOWNHOUSE
124 REGIONS WAY,0.0275,2184,2007,2,2,11/1/18,298500,TOWNHOUSE
118 ENNIS LN,0.05,2070,2007,3,2,4/25/18,334600,TOWNHOUSE
114 ENNIS LN,0.05,1908,2007,3,2,3/28/18,309000,TOWNHOUSE
110 LISMORE LN,0.0494,2016,2007,3,2,1/19/17,290000,TOWNHOUSE
110 GALWAY LN,0.1435,2910,2007,3,2,2/8/19,550000,SINGLE FAMILY
102 TALLOW TRL,0.0798,2877,2007,3,2,3/1/19,427000,TOWNHOUSE
102 ENNIS LN,0.0611,2704,2007,3,2,11/2/17,365000,TOWNHOUSE
583 DAKOTA DR,0.0568,2320,2008,3,2,8/23/19,347500,TOWNHOUSE
3430 MALLORY BLVD,0.1597,2727,2008,3,2,6/22/17,460000,SINGLE FAMILY
3323 DUNCOMBE DR,0.0739,2475,2008,3,2,6/27/19,400000,TOWNHOUSE
3323 DUNCOMBE DR,0.0739,2475,2008,3,2,5/18/17,399000,TOWNHOUSE
3293 DUNCOMBE DR,0.0739,2475,2008,3,2,11/15/19,403000,TOWNHOUSE
3289 DUNCOMBE DR,0.0739,2604,2008,3,2,4/6/18,395000,TOWNHOUSE
3277 DUNCOMBE DR,0.0739,2475,2008,3,2,12/3/18,400000,TOWNHOUSE
3261 DUNCOMBE DR,0.0739,2475,2008,3,2,9/24/19,421500,TOWNHOUSE
3261 DUNCOMBE DR,0.0739,2475,2008,3,2,9/7/18,390000,TOWNHOUSE
207 EDENBERRY AVE,0.0543,1955,2008,3,2,10/30/18,295010,TOWNHOUSE
203 EDENBERRY AVE,0.0543,1955,2008,3,2,4/25/18,315000,TOWNHOUSE
187 EDENBERRY AVE,0.0808,2704,2008,3,2,11/30/18,350000,TOWNHOUSE
179 EDENBERRY AVE,0.0543,1908,2008,3,2,7/5/19,290000,TOWNHOUSE
1486 JEAGA DR,0.0663,1921,2008,3,2,3/12/19,340000,TOWNHOUSE
1479 JEAGA DR,0.0434,1990,2008,3,2,12/12/17,340000,TOWNHOUSE
1471 JEAGA DR,0.0434,1990,2008,3,2,6/25/18,335000,TOWNHOUSE
1463 JEAGA DR,0.0546,1921,2008,3,2,8/10/18,339900,TOWNHOUSE
1451 JEAGA DR,0.0434,1990,2008,3,2,1/8/19,338000,TOWNHOUSE
1451 JEAGA DR,0.0434,1990,2008,3,2,12/2/16,157500,TOWNHOUSE
1405 ISLAMORADA DR,0.1867,3065,2008,2,2,6/22/18,534000,SINGLE FAMILY
1384 RAMSEY WAY,0.073,2604,2008,3,2,11/9/17,415000,TOWNHOUSE
1382 ISLAMORADA DR,0.1796,3065,2008,2,2,7/5/19,582500,SINGLE FAMILY
1382 ISLAMORADA DR,0.1796,3065,2008,2,2,3/23/18,582500,SINGLE FAMILY
1379 RAMSEY WAY,0.0722,2604,2008,3,2,1/23/18,397000,TOWNHOUSE
1378 DAKOTA DR,0.1721,3065,2008,2,2,4/6/18,590000,SINGLE FAMILY
1375 RAMSEY WAY,0.1157,2549,2008,3,2,11/9/18,470000,TOWNHOUSE
1369 ISLAMORADA DR,0.1782,3065,2008,2,2,3/26/19,564500,SINGLE FAMILY
135 ENNIS LN,0.05,2070,2008,3,2,9/28/17,312000,TOWNHOUSE
1333 SUNSHINE DR,0.0729,2532,2008,3,2,11/8/17,410000,TOWNHOUSE
133 GLENCULLEN CIR,0.0831,2704,2008,3,2,3/4/19,425000,TOWNHOUSE
1329 SUNSHINE DR,0.0729,2532,2008,3,2,6/26/18,415000,TOWNHOUSE
1325 SUNSHINE DR,0.1175,2549,2008,3,2,6/7/18,460000,TOWNHOUSE
1322 SUNSHINE DR,0.0732,2604,2008,3,2,3/10/17,392500,TOWNHOUSE
1306 SUNSHINE DR,0.0732,2532,2008,3,2,7/16/19,435000,TOWNHOUSE
127 EDENBERRY AVE,0.081,2884,2008,3,2,7/8/19,425000,TOWNHOUSE
3327 DUNCOMBE DR,0.0739,2604,2009,3,2,10/11/17,397500,TOWNHOUSE
3269 DUNCOMBE DR,0.0739,2532,2009,3,2,3/5/18,426650,TOWNHOUSE
3257 DUNCOMBE DR,0.0739,2604,2009,3,2,10/15/18,407000,TOWNHOUSE
3245 DUNCOMBE DR,0.1002,2604,2009,3,2,3/28/19,425000,TOWNHOUSE
255 EDENBERRY AVE,0.082,2779,2009,3,2,6/13/17,373375,TOWNHOUSE
251 EDENBERRY AVE,0.0543,2320,2009,3,2,10/10/18,375000,TOWNHOUSE
149 GLENCULLEN CIR,0.0494,2242,2009,3,2,6/13/17,355000,TOWNHOUSE
1430 SUNSHINE DR,0.0732,2490,2009,2,2,6/17/18,380000,TOWNHOUSE
1426 SUNSHINE DR,0.0732,2490,2009,2,2,8/17/17,335000,TOWNHOUSE
1423 JEAGA DR,0.056,1921,2009,3,2,8/1/19,341000,TOWNHOUSE
1419 JEAGA DR,0.0434,1990,2009,3,2,3/11/19,342000,TOWNHOUSE
1386 DAKOTA DR,0.1721,3065,2009,2,2,8/6/19,559000,SINGLE FAMILY
1355 JEAGA DR,0.069,1921,2009,3,2,11/1/19,350000,TOWNHOUSE
1347 JEAGA DR,0.0434,1990,2009,3,2,4/24/19,325000,TOWNHOUSE
1307 WINDLEY KEY WAY,0.1278,2727,2009,3,2,7/30/19,533000,SINGLE FAMILY
1168 ISLAMORADA DR,0.0695,2475,2009,3,2,4/19/18,405000,TOWNHOUSE
1158 TROPICAL DR,0.1728,3065,2009,2,2,10/1/18,560000,SINGLE FAMILY
112 TULLAMORE AVE,0.1922,3122,2009,3,2,8/1/19,555000,SINGLE FAMILY
619 DAKOTA DR,0.0568,2320,2010,3,2,10/31/19,337500,TOWNHOUSE
603 DAKOTA DR,0.0568,2242,2010,3,2,5/31/17,308000,TOWNHOUSE
3428 CAROLINE DR,0.1656,3065,2010,2,2,10/26/17,575000,SINGLE FAMILY
1454 JEAGA DR,0.0434,1990,2010,3,2,8/28/18,338000,TOWNHOUSE
143 KILLARNEY CT,0.1291,4386,2010,4,2,8/29/18,610000,SINGLE FAMILY
1323 JEAGA DR,0.0434,1990,2010,3,2,8/25/17,335000,TOWNHOUSE
1311 JEAGA DR,0.0434,1990,2010,3,2,12/17/18,334000,TOWNHOUSE
1221 ISLAMORADA DR,0.0739,2475,2010,3,2,7/31/19,385000,TOWNHOUSE
1208 ISLAMORADA DR,0.0695,2475,2010,3,2,2/28/18,409000,TOWNHOUSE
1185 KEY LARGO ST,0.1029,3029,2010,3,2,2/27/18,517000,SINGLE FAMILY
1173 ISLAMORADA DR,0.0719,2475,2010,3,2,1/15/18,381000,TOWNHOUSE
1170 KEY LARGO ST,0.1363,2727,2010,3,2,4/27/18,525000,SINGLE FAMILY
1160 ISLAMORADA DR,0.0695,2604,2010,3,2,12/6/16,387500,TOWNHOUSE
1156 ISLAMORADA DR,0.0695,2604,2010,3,2,1/31/17,390000,TOWNHOUSE
1042 DUVAL ST,0.168,3065,2010,2,2,6/27/17,575000,SINGLE FAMILY
103 MIDLETON WAY,0.0753,2884,2010,3,2,6/16/17,406000,TOWNHOUSE
3432 CAROLINE DR,0.1039,3029,2011,3,2,4/26/19,535000,SINGLE FAMILY
3432 CAROLINE DR,0.1039,3029,2011,3,2,7/13/17,499000,SINGLE FAMILY
1418 JEAGA DR,0.0434,1990,2011,3,2,4/18/18,341000,TOWNHOUSE
1346 JEAGA DR,0.0889,1921,2011,3,2,9/6/19,359900,TOWNHOUSE
1342 JEAGA DR,0.0434,1990,2011,3,2,8/11/17,325000,TOWNHOUSE
1330 JEAGA DR,0.0553,1921,2011,3,2,10/16/17,335000,TOWNHOUSE
1326 JEAGA DR,0.0434,1990,2011,3,2,10/24/17,340000,TOWNHOUSE
1310 JEAGA DR,0.0434,1990,2011,3,2,12/15/17,335000,TOWNHOUSE
1220 DAKOTA DR,0.0666,1921,2011,3,2,10/13/17,335000,TOWNHOUSE
1213 ISLAMORADA DR,0.0717,2490,2011,2,2,9/22/17,350000,TOWNHOUSE
1209 ISLAMORADA DR,0.0719,2490,2011,2,2,2/14/19,378000,TOWNHOUSE
1181 ISLAMORADA DR,0.0719,2604,2011,3,2,1/25/18,430000,TOWNHOUSE
1167 JEAGA DR,0.246,3065,2011,2,2,3/20/18,540000,SINGLE FAMILY
1160 DUVAL ST,0.1976,3065,2011,2,2,7/26/17,570000,SINGLE FAMILY
3290 MALLORY BLVD,0.0435,1990,2012,3,2,4/9/18,340000,TOWNHOUSE
3290 MALLORY BLVD,0.0435,1990,2012,3,2,1/20/17,330000,TOWNHOUSE
2711 MALLORY BLVD,0.2341,3122,2012,2,2,3/28/17,600000,SINGLE FAMILY
2686 MALLORY BLVD,0.173,3122,2012,3,2,3/14/18,530000,SINGLE FAMILY
1478 SUNSHINE DR,0.1118,2604,2012,3,2,3/22/18,430000,TOWNHOUSE
1180 DAKOTA DR,0.0434,1990,2012,3,2,2/24/17,320000,TOWNHOUSE
1172 DAKOTA DR,0.065,1921,2012,3,2,4/3/18,335000,TOWNHOUSE
1164 DAKOTA DR,0.0434,1990,2012,3,2,5/30/19,308000,TOWNHOUSE
1043 KEY LARGO ST,0.1512,2475,2012,3,2,10/9/19,436000,TOWNHOUSE
1035 KEY LARGO ST,0.0719,2604,2012,3,2,3/25/17,399900,TOWNHOUSE
3331 MALLORY BLVD,0.0645,1921,2013,3,2,5/26/17,340000,TOWNHOUSE
3326 MALLORY BLVD,0.0434,1990,2013,3,2,3/29/19,343000,TOWNHOUSE
3315 MALLORY BLVD,0.0646,1921,2013,3,2,8/16/18,340000,TOWNHOUSE
3281 MALLORY BLVD,0.0433,1990,2013,3,2,2/4/19,334000,TOWNHOUSE
3265 MALLORY BLVD,0.059,1921,2013,3,2,12/12/18,325000,TOWNHOUSE
3257 MALLORY BLVD,0.0433,1990,2013,3,2,1/23/19,337000,TOWNHOUSE
3231 HEMINGWAY DR,0.0587,1921,2013,3,2,12/19/18,350000,TOWNHOUSE
3231 HEMINGWAY DR,0.0587,1921,2013,3,2,3/23/18,337000,TOWNHOUSE
3223 HEMINGWAY DR,0.0436,1990,2013,3,2,5/12/17,320000,TOWNHOUSE
3219 HEMINGWAY DR,0.0816,1921,2013,3,2,9/5/19,365000,TOWNHOUSE
1345 BOURNE DR,0.1873,3122,2013,3,2,1/11/18,567400,SINGLE FAMILY
1245 ISLAMORADA DR,0.0666,1921,2013,3,2,9/7/18,338000,TOWNHOUSE
1204 SWEET HILL DR,0.0829,2544,2013,3,2,12/10/16,395000,TOWNHOUSE
1138 SWEET HILL DR,0.0852,2544,2013,3,2,1/10/19,430000,TOWNHOUSE
1134 SWEET HILL DR,0.0775,2544,2013,3,2,7/20/18,435000,TOWNHOUSE
1126 SWEET HILL DR,0.0722,2499,2013,3,2,10/3/19,430000,TOWNHOUSE
1126 SWEET HILL DR,0.0722,2499,2013,3,2,3/6/18,405000,TOWNHOUSE
1122 DAKOTA DR,0.0434,1990,2013,3,2,9/27/17,330000,TOWNHOUSE
1015 KEY LARGO ST,0.0719,2604,2013,3,2,2/16/17,377000,TOWNHOUSE
3253 HEMINGWAY DR,0.0816,1921,2014,3,2,6/28/19,340000,TOWNHOUSE
3250 CAROLINE DR,0.0438,1990,2014,3,2,11/27/17,300000,TOWNHOUSE
3245 HEMINGWAY DR,0.0436,1990,2014,3,2,9/20/17,325000,TOWNHOUSE
2859 SUNBURY DR,0.0749,2499,2014,3,2,4/12/18,412000,TOWNHOUSE
2855 SUNBURY DR,0.0749,2520,2014,3,2,7/24/19,454000,TOWNHOUSE
2847 SUNBURY DR,0.0749,2499,2014,3,2,6/27/19,415000,TOWNHOUSE
2831 SUNBURY DR,0.1737,2695,2014,3,2,4/19/18,550000,SINGLE FAMILY
2827 SUNBURY DR,0.1871,3031,2014,2,2,9/20/17,600000,SINGLE FAMILY
2742 AVALON WAY,0.0758,2544,2014,3,2,8/2/17,410000,TOWNHOUSE
2730 AVALON WAY,0.0758,2499,2014,3,2,4/11/19,416000,TOWNHOUSE
2727 WYMBERLY DR,0.1267,2727,2014,3,2,6/5/17,497500,SINGLE FAMILY
2714 AVALON WAY,0.0758,2499,2014,3,2,1/25/18,397000,TOWNHOUSE
2706 AVALON WAY,0.1143,2544,2014,3,2,12/21/17,427500,TOWNHOUSE
2706 AVALON WAY,0.1143,2544,2014,3,2,1/24/17,417000,TOWNHOUSE
1407 DAKOTA DR,0.2245,3031,2014,2,2,3/15/17,515000,SINGLE FAMILY
1362 TURNBRIDGE DR,0.0758,2544,2014,3,2,10/18/18,430000,TOWNHOUSE
1346 TURNBRIDGE DR,0.0758,2544,2014,3,2,1/5/17,400000,TOWNHOUSE
1334 TURNBRIDGE DR,0.0758,2538,2014,3,2,3/7/17,415000,TOWNHOUSE
1322 TURNBRIDGE DR,0.0758,2544,2014,3,2,12/11/17,415000,TOWNHOUSE
1208 TURNBRIDGE DR,0.0717,2499,2014,3,2,11/7/18,445000,TOWNHOUSE
1164 COMMUNITY DR,0.0436,1990,2014,3,2,6/19/18,355500,TOWNHOUSE
1160 COMMUNITY DR,0.0435,1990,2014,3,2,5/31/17,337000,TOWNHOUSE
1156 COMMUNITY DR,0.0603,1921,2014,3,2,5/30/18,349500,TOWNHOUSE
1147 COMMUNITY DR,0.067,1921,2014,3,2,9/13/19,374000,TOWNHOUSE
1139 COMMUNITY DR,0.0483,1990,2014,3,2,9/16/19,347000,TOWNHOUSE
1139 COMMUNITY DR,0.0483,1990,2014,3,2,8/21/18,347000,TOWNHOUSE
1128 COMMUNITY DR,0.0619,1921,2014,3,2,8/23/19,344000,TOWNHOUSE
1128 COMMUNITY DR,0.0619,1921,2014,3,2,5/11/17,315000,TOWNHOUSE
1120 COMMUNITY DR,0.0451,1990,2014,3,2,3/27/19,350000,TOWNHOUSE
1116 COMMUNITY DR,0.0451,1990,2014,3,2,6/13/19,347500,TOWNHOUSE
1116 COMMUNITY DR,0.0451,1990,2014,3,2,5/24/18,345000,TOWNHOUSE
1112 COMMUNITY DR,0.0451,1990,2014,3,2,10/10/18,342000,TOWNHOUSE
1108 COMMUNITY DR,0.0451,1990,2014,3,2,9/6/19,350000,TOWNHOUSE
1106 DAKOTA DR,0.0434,1990,2014,3,2,3/6/18,340000,TOWNHOUSE
1102 SWEET HILL DR,0.1016,2520,2014,3,2,8/1/19,435000,TOWNHOUSE
1335 COMMUNITY DR,0.0875,1921,2015,3,2,1/31/18,355000,TOWNHOUSE
1319 COMMUNITY DR,0.0632,1921,2015,3,2,3/21/19,375000,TOWNHOUSE
1319 COMMUNITY DR,0.0632,1921,2015,3,2,1/23/18,369000,TOWNHOUSE
1315 COMMUNITY DR,0.0421,1990,2015,3,2,2/18/19,350000,TOWNHOUSE
1307 COMMUNITY DR,0.0596,1921,2015,3,2,8/15/19,379000,TOWNHOUSE
1249 DAKOTA DR,0.069,2520,2015,3,2,12/27/17,418000,TOWNHOUSE
1245 DAKOTA DR,0.069,2499,2015,3,2,5/3/19,410000,TOWNHOUSE
1228 TURNBRIDGE DR,0.0483,1990,2015,3,2,5/3/19,350000,TOWNHOUSE
1224 TURNBRIDGE DR,0.0695,1921,2015,3,2,5/22/19,350000,TOWNHOUSE
1217 DAKOTA DR,0.0434,1990,2015,3,2,8/31/17,310000,TOWNHOUSE
1205 DAKOTA DR,0.0434,1990,2015,3,2,10/22/19,350000,TOWNHOUSE
1204 COMMUNITY DR,0.0452,1990,2015,3,2,9/28/18,352500,TOWNHOUSE
1196 TURNBRIDGE DR,0.0719,2544,2015,3,2,1/31/18,435000,TOWNHOUSE
1196 TURNBRIDGE DR,0.0719,2544,2015,3,2,11/7/17,407000,TOWNHOUSE
1196 COMMUNITY DR,0.0691,1921,2015,3,2,9/25/18,370000,TOWNHOUSE
1192 TURNBRIDGE DR,0.072,2544,2015,3,2,9/21/17,405000,TOWNHOUSE
1192 COMMUNITY DR,0.069,1921,2015,3,2,11/29/17,339500,TOWNHOUSE
1184 TURNBRIDGE DR,0.0719,2499,2015,3,2,3/21/17,407000,TOWNHOUSE
1173 DAKOTA DR,0.0434,1990,2015,3,2,12/12/18,354000,TOWNHOUSE
1164 TURNBRIDGE DR,0.0719,2520,2015,3,2,12/20/17,415500,TOWNHOUSE
1160 TURNBRIDGE DR,0.0719,2520,2015,3,2,3/20/17,417500,TOWNHOUSE
1152 TURNBRIDGE DR,0.1028,2544,2015,3,2,11/7/18,461550,TOWNHOUSE
1124 TURNBRIDGE DR,0.0451,1990,2015,3,2,9/19/18,349000,TOWNHOUSE
1112 TURNBRIDGE DR,0.0451,1990,2015,3,2,5/29/18,350100,TOWNHOUSE
1073 PRESCOTT DR,0.0717,2544,2015,3,2,5/17/18,417500,TOWNHOUSE
1069 PRESCOTT DR,0.1158,2499,2015,3,2,4/15/19,435000,TOWNHOUSE
1069 PRESCOTT DR,0.1158,2499,2015,3,2,2/14/17,410000,TOWNHOUSE
1057 PRESCOTT DR,0.1218,2544,2015,3,2,10/6/18,450000,TOWNHOUSE
2795 CAROLINE DR,0.0458,1990,2016,3,2,11/8/19,349000,TOWNHOUSE
2695 MALLORY BLVD,0.141,2782,2016,3,2,12/29/16,483630,SINGLE FAMILY
2686 CAROLINE DR,0.1722,3122,2016,2,2,12/15/16,588385,SINGLE FAMILY
1306 COMMUNITY DR,0.0596,1921,2016,3,2,1/15/18,360000,TOWNHOUSE
1123 TURNBRIDGE DR,0.1648,3258,2017,2,2,2/2/17,614828,SINGLE FAMILY
1115 TURNBRIDGE DR,0.195,3258,2017,3,2,5/26/17,550000,SINGLE FAMILY
1115 SWEET HILL DR,0.2474,2830,2017,3,2,4/27/17,535000,SINGLE FAMILY
2668 GREENWAY DR,0.3472,5812,2019,3,2,9/6/18,330000,SINGLE FAMILY
2668 GREENWAY DR,0.3472,5812,2019,3,2,6/28/17,2925000,SINGLE FAMILY
245 SWEET BAY CIR,0.1346,3440,1998,5,3,5/24/17,586000,SINGLE FAMILY
233 SWEET BAY CIR,0.1559,3440,1998,5,3,8/15/17,570375,SINGLE FAMILY
114 SWEET BAY CIR,0.1546,3913,1998,4,3,6/14/18,593000,SINGLE FAMILY
113 NEWHAVEN BLVD,0.1251,3440,1998,4,3,6/16/17,605000,SINGLE FAMILY
522 SWEET BAY CIR,0.1515,3916,1999,4,3,6/23/17,540000,SINGLE FAMILY
330 MARLBERRY CIR,0.1323,3440,1999,4,3,12/11/17,585000,SINGLE FAMILY
316 SWEET BAY CIR,0.1699,3916,1999,4,3,1/10/19,622000,SINGLE FAMILY
294 BARBADOS DR,0.2056,4754,1999,5,3,4/23/18,1200000,SINGLE FAMILY
164 BARBADOS DR,0.1961,3916,1999,4,3,5/29/18,690000,SINGLE FAMILY
160 HONEYSUCKLE DR,0.1198,3440,1999,5,3,10/26/18,591500,SINGLE FAMILY
154 SWEET BAY CIR,0.1634,3916,1999,4,3,2/22/17,547500,SINGLE FAMILY
152 SWEET BAY CIR,0.1564,3916,1999,4,3,12/1/16,541000,SINGLE FAMILY
136 SWEET BAY CIR,0.1527,3916,1999,4,3,3/22/19,750000,SINGLE FAMILY
128 VILLAGE WAY,0.2848,3694,1999,3,3,1/26/18,725000,SINGLE FAMILY
127 DATE PALM DR,0.213,3440,1999,5,3,7/20/18,640000,SINGLE FAMILY
118 BARBADOS DR,0.1958,4682,1999,5,3,5/13/19,950000,SINGLE FAMILY
308 ST LUCIA LN,0.161,3440,2000,5,3,3/30/18,675000,SINGLE FAMILY
308 ST LUCIA LN,0.161,3440,2000,5,3,2/6/17,621500,SINGLE FAMILY
278 BARBADOS DR,0.1988,4682,2000,5,3,8/10/18,1149000,SINGLE FAMILY
278 BARBADOS DR,0.1988,4682,2000,5,3,5/17/17,925000,SINGLE FAMILY
198 BARBADOS DR,0.2169,4682,2000,5,3,5/3/19,1000000,SINGLE FAMILY
186 BARBADOS DR,0.1958,4682,2000,5,3,12/19/16,700000,SINGLE FAMILY
302 BOUGAINVILLEA DR,0.1588,3440,2001,5,3,6/25/19,719000,SINGLE FAMILY
280 NEWHAVEN BLVD,0.14,3440,2001,5,3,6/28/18,625000,SINGLE FAMILY
225 POINCIANA DR,0.1286,3440,2001,5,3,12/14/17,589450,SINGLE FAMILY
216 MARLBERRY CIR,0.1393,3440,2001,5,3,6/5/17,618000,SINGLE FAMILY
215 MARLBERRY CIR,0.1761,4229,2001,5,3,12/12/16,680000,SINGLE FAMILY
214 NEWHAVEN BLVD,0.1336,3440,2001,5,3,6/27/17,545000,SINGLE FAMILY
213 MARLBERRY CIR,0.2012,4682,2001,5,3,5/7/18,820000,SINGLE FAMILY
131 POINCIANA DR,0.1286,3440,2001,5,3,12/28/16,540000,SINGLE FAMILY
130 PEABODY DR,0.1452,3606,2001,5,3,1/31/19,591000,SINGLE FAMILY
112 SYCAMORE DR,0.1228,3440,2001,4,3,7/23/19,629000,SINGLE FAMILY
112 POINCIANA DR,0.1505,3440,2001,5,3,8/31/17,596000,SINGLE FAMILY
107 MARLBERRY CIR,0.1722,4229,2001,5,3,1/23/17,745000,SINGLE FAMILY
4102 PARKSIDE DR,0.1357,2427,2003,3,3,5/23/17,355000,TOWNHOUSE
4050 PARKSIDE DR,0.0862,2427,2003,3,3,12/19/16,375000,TOWNHOUSE
3830 GREENWAY DR,0.1031,2427,2003,3,3,11/19/19,403000,TOWNHOUSE
3826 GREENWAY DR,0.1059,2427,2003,3,3,3/20/17,328000,TOWNHOUSE
3818 GREENWAY DR,0.1036,2427,2003,3,3,1/25/18,360000,TOWNHOUSE
3531 GREENWAY DR,0.0806,2427,2003,3,3,7/28/18,385000,TOWNHOUSE
3506 COMMUNITY DR,0.1585,3962,2003,4,3,4/22/18,640000,SINGLE FAMILY
3372 GREENWAY DR,0.0786,2427,2003,3,3,9/6/18,384900,TOWNHOUSE
3368 GREENWAY DR,0.0786,2427,2003,3,3,3/7/19,380000,TOWNHOUSE
3364 GREENWAY DR,0.0786,2427,2003,3,3,9/25/18,300000,TOWNHOUSE
318 SAN REMO DR,0.1797,3828,2003,5,3,6/19/19,730000,SINGLE FAMILY
317 GALICIA WAY,0.1722,3697,2003,4,3,11/1/17,665000,SINGLE FAMILY
315 GALICIA WAY,0.2195,4114,2003,3,3,2/22/18,765000,SINGLE FAMILY
238 SORIANO DR,0.0931,2427,2003,3,3,5/31/19,400000,TOWNHOUSE
226 SORIANO DR,0.0798,2427,2003,3,3,11/27/17,350000,TOWNHOUSE
222 SORIANO DR,0.0798,2427,2003,3,3,12/15/17,335000,TOWNHOUSE
206 SORIANO DR,0.0798,2427,2003,3,3,10/11/18,350000,TOWNHOUSE
1848 JEAGA DR,0.0772,2427,2003,3,3,6/12/19,395000,TOWNHOUSE
1848 JEAGA DR,0.0772,2427,2003,3,3,10/12/18,382000,TOWNHOUSE
1824 JEAGA DR,0.1586,2427,2003,3,3,1/8/17,383000,TOWNHOUSE
1697 JEAGA DR,0.1147,2427,2003,3,3,4/5/18,380000,TOWNHOUSE
1693 JEAGA DR,0.0749,2427,2003,3,3,2/26/18,360000,TOWNHOUSE
1677 JEAGA DR,0.0768,2427,2003,3,3,8/18/17,335000,TOWNHOUSE
1665 JEAGA DR,0.0787,2427,2003,3,3,12/20/18,372500,TOWNHOUSE
1665 JEAGA DR,0.0787,2427,2003,3,3,8/29/17,337250,TOWNHOUSE
164 SORIANO DR,0.1092,2427,2003,3,3,3/11/19,395000,TOWNHOUSE
164 SORIANO DR,0.1092,2427,2003,3,3,2/21/17,370000,TOWNHOUSE
1637 JEAGA DR,0.0809,2427,2003,3,3,1/7/19,378000,TOWNHOUSE
1629 JEAGA DR,0.1944,2427,2003,3,3,8/3/18,379000,TOWNHOUSE
1613 JEAGA DR,0.0827,2427,2003,3,3,3/29/18,365000,TOWNHOUSE
161 RIVINIA DR,0.076,2427,2003,3,3,6/20/17,345000,TOWNHOUSE
160 SORIANO DR,0.0798,2427,2003,3,3,11/25/19,415000,TOWNHOUSE
1593 JEAGA DR,0.0858,2427,2003,3,3,5/29/19,424500,TOWNHOUSE
1593 JEAGA DR,0.0858,2427,2003,3,3,3/29/18,381000,TOWNHOUSE
1573 JEAGA DR,0.086,2427,2003,3,3,10/5/18,368000,TOWNHOUSE
157 RIVINIA DR,0.076,2427,2003,3,3,7/30/18,395000,TOWNHOUSE
151 SEGOVIA WAY,0.2531,4903,2003,3,3,3/1/17,915311,SINGLE FAMILY
141 RIVINIA DR,0.076,2427,2003,3,3,1/26/18,390000,TOWNHOUSE
141 BARCELONA DR,0.2717,4844,2003,4,3,6/25/19,1100000,SINGLE FAMILY
139 RIVINIA DR,0.076,2427,2003,3,3,7/20/17,395000,TOWNHOUSE
128 SEGOVIA WAY,0.2968,5366,2003,3,3,6/25/19,1175000,SINGLE FAMILY
127 RIVINIA DR,0.0763,2427,2003,3,3,9/5/17,362500,TOWNHOUSE
121 RIVINIA DR,0.0763,2427,2003,3,3,5/4/17,352500,TOWNHOUSE
118 MORNING DEW CIR,0.0375,2533,2003,3,3,7/23/18,320000,TOWNHOUSE
117 BILBOA DR,0.2194,3929,2003,4,3,9/26/17,975000,SINGLE FAMILY
116 SARDINIA CIR,0.202,4058,2003,5,3,10/19/18,700000,SINGLE FAMILY
114 VALENCIA BLVD,0.261,4486,2003,4,3,12/10/18,1150000,SINGLE FAMILY
111 BILBOA DR,0.1888,3902,2003,4,3,10/9/19,750000,SINGLE FAMILY
107 SEGOVIA WAY,0.2706,4058,2003,4,3,4/24/18,975000,SINGLE FAMILY
106 SANTANDER DR,0.2614,4486,2003,3,3,6/5/19,1157500,SINGLE FAMILY
106 SANTANDER DR,0.2614,4486,2003,3,3,4/24/17,1040000,SINGLE FAMILY
103 BILBOA DR,0.1871,3225,2003,3,3,3/15/17,766500,SINGLE FAMILY
4285 MAIN ST,0.0508,3056,2004,3,3,4/18/19,392500,TOWNHOUSE
4285 MAIN ST,0.0508,3056,2004,3,3,11/14/18,247000,TOWNHOUSE
4270 MAIN ST,0.0486,2760,2004,3,3,1/25/17,302500,TOWNHOUSE
4257 MAIN ST,0.0503,2760,2004,3,3,2/2/17,315000,TOWNHOUSE
4241 MAIN ST,0.0486,2760,2004,3,3,3/22/17,325000,TOWNHOUSE
4237 MAIN ST,0.0486,2760,2004,3,3,5/24/18,337500,TOWNHOUSE
4179 MAIN ST,0.0503,2760,2004,3,3,10/30/19,402500,TOWNHOUSE
4155 MAIN ST,0.0498,2760,2004,3,3,9/18/18,373500,TOWNHOUSE
204 FLORENCE DR,0.1553,3742,2004,4,3,6/14/19,647500,SINGLE FAMILY
187 SAN REMO DR,0.1932,3828,2004,5,3,6/24/19,667500,SINGLE FAMILY
187 SAN REMO DR,0.1932,3828,2004,5,3,3/17/17,630000,SINGLE FAMILY
165 SAN REMO DR,0.1278,3962,2004,4,3,4/6/18,580000,SINGLE FAMILY
160 FLORENCE DR,0.1868,3962,2004,4,3,10/15/18,666700,SINGLE FAMILY
152 BARCELONA DR,0.2089,4040,2004,4,3,5/29/19,1100000,SINGLE FAMILY
1467 CADES BAY AVE,0.0478,2760,2004,3,3,8/23/19,370000,TOWNHOUSE
1444 CUPCOY AVE,0.0506,2760,2004,3,3,10/23/19,375000,TOWNHOUSE
1444 CUPCOY AVE,0.0506,2760,2004,3,3,6/20/19,339200,TOWNHOUSE
1444 CORBISON POINT PL,0.0506,2760,2004,3,3,3/16/17,295000,TOWNHOUSE
123 BARCELONA DR,0.1377,3854,2004,3,3,4/12/19,606000,SINGLE FAMILY
107 BILBOA DR,0.1719,3785,2004,4,3,11/21/19,700000,SINGLE FAMILY
102 SANTIAGO DR,0.1633,4410,2004,4,3,6/29/18,880000,SINGLE FAMILY
505 CARAVELLE DR,0.1379,3691,2005,4,3,11/2/17,577500,SINGLE FAMILY
4345 SAVANNAH BAY PL,0.0529,3056,2005,3,3,7/20/18,365000,TOWNHOUSE
4332 BLOWING POINT PL,0.0335,2484,2005,3,3,9/19/19,315000,TOWNHOUSE
4332 BLOWING POINT PL,0.0335,2484,2005,3,3,1/13/18,290000,TOWNHOUSE
4324 MAIN ST,0.0503,2760,2005,3,3,4/11/19,370000,TOWNHOUSE
4324 MAIN ST,0.0503,2760,2005,3,3,12/27/16,305000,TOWNHOUSE
4324 BLOWING POINT PL,0.0503,2760,2005,3,3,11/2/18,345000,TOWNHOUSE
4321 SAVANNAH BAY PL,0.0503,2760,2005,3,3,6/13/19,350000,TOWNHOUSE
4320 BLOWING POINT PL,0.0503,2760,2005,3,3,5/4/17,315000,TOWNHOUSE
4312 BLOWING POINT PL,0.0335,2484,2005,4,3,3/13/18,279250,TOWNHOUSE
4126 OYSTER POND WAY,0.0473,2760,2005,3,3,9/17/18,332000,TOWNHOUSE
4106 OYSTER POND WAY,0.0473,2760,2005,3,3,5/23/18,299000,TOWNHOUSE
3255 COMMUNITY DR,0.0666,2901,2005,4,3,10/12/17,382500,TOWNHOUSE
3247 COMMUNITY DR,0.054,2901,2005,4,3,9/18/19,413000,TOWNHOUSE
295 CARAVELLE DR,0.1458,2674,2005,4,3,6/16/17,511875,SINGLE FAMILY
279 CARAVELLE DR,0.1458,3934,2005,4,3,1/2/18,599000,SINGLE FAMILY
271 CARAVELLE DR,0.1458,3850,2005,4,3,7/2/19,685000,SINGLE FAMILY
266 CARAVELLE DR,0.1579,3937,2005,5,3,7/5/17,720000,SINGLE FAMILY
262 CARAVELLE DR,0.2049,4108,2005,5,3,4/12/17,637000,SINGLE FAMILY
230 CARAVELLE DR,0.1809,4108,2005,5,3,7/17/19,640000,SINGLE FAMILY
227 CARAVELLE DR,0.1633,2674,2005,4,3,12/19/17,492000,SINGLE FAMILY
223 CARAVELLE DR,0.1308,3517,2005,4,3,10/23/18,629000,SINGLE FAMILY
214 CARAVELLE DR,0.2281,4074,2005,4,3,11/20/17,647000,SINGLE FAMILY
211 SORIANO DR,0.0776,2535,2005,3,3,4/21/17,335000,TOWNHOUSE
210 CARAVELLE DR,0.2296,4074,2005,4,3,8/15/19,734500,SINGLE FAMILY
210 CARAVELLE DR,0.2296,4074,2005,4,3,8/10/17,655500,SINGLE FAMILY
207 CARAVELLE DR,0.1948,2674,2005,4,3,4/5/19,535000,SINGLE FAMILY
155 SORIANO DR,0.0818,2535,2005,3,3,10/12/18,426000,TOWNHOUSE
1540 FREDERICK SMALL RD,0.052,2760,2005,3,3,5/9/18,348000,TOWNHOUSE
137 CARAVELLE DR,0.1479,2535,2005,3,3,5/15/19,399900,TOWNHOUSE
131 DUNMORE DR,0.1821,3557,2005,4,3,8/2/18,545000,SINGLE FAMILY
465 CARAVELLE DR,0.2052,3937,2006,5,3,10/26/18,632775,SINGLE FAMILY
190 QUARRY KNOLL WAY,0.043,2286,2006,3,3,5/8/19,309000,TOWNHOUSE
1735 COMMUNITY DR,0.2052,3937,2006,5,3,8/9/17,612000,SINGLE FAMILY
170 ENNIS LN,0.1729,4207,2006,4,3,2/6/19,690700,SINGLE FAMILY
166 ENNIS LN,0.1435,4460,2006,4,3,4/3/17,575000,SINGLE FAMILY
126 CASTRIES DR,0.13,3691,2006,4,3,3/8/19,625000,SINGLE FAMILY
126 CASTRIES DR,0.13,3691,2006,4,3,7/3/17,529000,SINGLE FAMILY
124 DUNMORE DR,0.1673,3472,2006,4,3,6/27/17,525000,SINGLE FAMILY
116 GLENCULLEN CIR,0.1485,4271,2006,4,3,7/30/19,595000,SINGLE FAMILY
115 ARKLOW AVE,0.2417,5058,2006,4,3,2/10/17,665000,SINGLE FAMILY
112 GLENCULLEN CIR,0.1837,5046,2006,4,3,7/27/17,535000,SINGLE FAMILY
111 BELLEFONTAINE LN,0.148,3691,2006,4,3,9/5/17,626500,SINGLE FAMILY
111 ARKLOW AVE,0.2073,4460,2006,4,3,12/5/16,625000,SINGLE FAMILY
108 MIDLETON WAY,0.1434,4151,2006,4,3,7/26/18,600000,SINGLE FAMILY
107 ARKLOW AVE,0.2004,4271,2006,4,3,8/6/19,717000,SINGLE FAMILY
102 WICKLOW LN,0.2009,4151,2006,4,3,11/10/17,585000,SINGLE FAMILY
3437 ELIZABETH ST,0.1692,3366,2007,4,3,6/20/19,610000,SINGLE FAMILY
3414 MALLORY BLVD,0.0702,3087,2007,3,3,5/15/19,385000,TOWNHOUSE
3356 MALLORY BLVD,0.0739,3045,2007,3,3,3/27/19,380000,TOWNHOUSE
166 BANDON LN,0.1447,3478,2007,4,3,2/8/19,600000,SINGLE FAMILY
155 ARKLOW AVE,0.2404,5058,2007,4,3,7/31/19,770000,SINGLE FAMILY
150 REGIONS WAY,0.0368,2244,2007,2,3,5/10/19,314000,TOWNHOUSE
136 REGIONS WAY,0.0405,2244,2007,2,3,9/20/17,285000,TOWNHOUSE
1311 DUVAL ST,0.1646,3197,2007,3,3,6/28/19,610000,SINGLE FAMILY
115 EDENBERRY AVE,0.1263,4271,2007,4,3,3/5/19,626000,SINGLE FAMILY
3280 WYMBERLY DR,0.1963,3197,2008,3,3,9/4/18,600000,SINGLE FAMILY
3277 WYMBERLY DR,0.1363,2852,2008,3,3,3/2/18,575000,SINGLE FAMILY
3269 WYMBERLY DR,0.1665,3669,2008,3,3,11/9/17,638000,SINGLE FAMILY
3240 WYMBERLY DR,0.268,4693,2008,4,3,1/12/18,775000,SINGLE FAMILY
170 BANDON LN,0.1762,4134,2008,4,3,12/9/16,607500,SINGLE FAMILY
162 BANDON LN,0.1447,3478,2008,4,3,3/18/19,570000,SINGLE FAMILY
162 BANDON LN,0.1447,3478,2008,4,3,2/9/18,535000,SINGLE FAMILY
1385 ISLAMORADA DR,0.1782,4523,2008,4,3,11/13/18,790000,SINGLE FAMILY
1361 ISLAMORADA DR,0.1508,3719,2008,4,3,10/29/19,679000,SINGLE FAMILY
134 BANDON LN,0.1592,3478,2009,4,3,11/26/18,585000,SINGLE FAMILY
1166 KEY LARGO ST,0.1377,2852,2009,3,3,3/23/18,562500,SINGLE FAMILY
1157 TROPICAL DR,0.1654,3534,2009,4,3,7/30/19,670000,SINGLE FAMILY
1153 KEY LARGO ST,0.1107,3823,2009,4,3,8/11/17,587500,SINGLE FAMILY
111 TULLAMORE AVE,0.2166,4271,2009,4,3,10/19/19,625000,SINGLE FAMILY
107 ASHFORD AVE,0.1708,3557,2009,4,3,6/2/17,537500,SINGLE FAMILY
103 ASHFORD AVE,0.1793,3557,2009,4,3,3/9/18,537000,SINGLE FAMILY
3463 MALLORY BLVD,0.1272,3719,2010,4,3,5/21/18,638000,SINGLE FAMILY
3439 MALLORY BLVD,0.1666,3534,2010,4,3,8/16/18,655000,SINGLE FAMILY
3419 MALLORY BLVD,0.1682,3534,2010,4,3,1/9/17,612500,SINGLE FAMILY
3314 DUVAL ST,0.2471,3197,2010,3,3,3/7/19,649000,SINGLE FAMILY
3306 DUVAL ST,0.2016,3197,2010,3,3,7/19/18,635000,SINGLE FAMILY
3305 CAROLINE DR,0.2355,3197,2010,3,3,10/12/18,635000,SINGLE FAMILY
1052 BIG PINE WAY,0.2267,3197,2010,3,3,4/12/17,649000,SINGLE FAMILY
3441 DUVAL ST,0.2777,3669,2011,4,3,12/18/17,665000,SINGLE FAMILY
3412 CAROLINE DR,0.154,2852,2011,3,3,3/14/19,570000,SINGLE FAMILY
3343 DUVAL ST,0.2644,3865,2011,4,3,4/14/17,685000,SINGLE FAMILY
3303 DUVAL ST,0.3201,6898,2011,4,3,9/13/19,1025000,SINGLE FAMILY
1159 JEAGA DR,0.241,3534,2011,4,3,1/24/17,630000,SINGLE FAMILY
3455 CAROLINE DR,0.1277,3719,2012,4,3,2/26/19,818127,SINGLE FAMILY
3424 CAROLINE DR,0.1676,3534,2012,4,3,6/29/17,649900,SINGLE FAMILY
3409 DUVAL ST,0.259,6898,2012,5,3,8/13/19,1250000,SINGLE FAMILY
3288 WYMBERLY DR,0.1963,3197,2012,3,3,3/7/17,605000,SINGLE FAMILY
1159 FREDERICK SMALL RD,0.3125,7206,2012,5,3,10/4/19,970000,SINGLE FAMILY
1114 WILSHIRE DR,0.336,3720,2012,3,3,5/21/18,499830,SINGLE FAMILY
1051 FREDERICK SMALL RD,0.2848,5266,2012,3,3,6/5/17,915000,SINGLE FAMILY
1025 JEAGA DR,0.3248,5266,2012,3,3,10/31/19,1030000,SINGLE FAMILY
1025 JEAGA DR,0.3248,5266,2012,3,3,2/27/18,866800,SINGLE FAMILY
2723 WYMBERLY DR,0.1268,3564,2013,4,3,12/8/17,615000,SINGLE FAMILY
2660 GREENWAY DR,0.2955,5432,2013,4,3,3/14/17,936000,SINGLE FAMILY
1354 BOURNE DR,0.1389,3564,2013,4,3,9/6/17,625000,SINGLE FAMILY
1347 TELFAIR DR,0.1484,2782,2013,3,3,5/14/19,550000,SINGLE FAMILY
2819 SUNBURY DR,0.1415,3564,2014,4,3,2/13/19,649900,SINGLE FAMILY
2719 WYMBERLY DR,0.1268,3512,2014,4,3,6/6/19,744900,SINGLE FAMILY
1391 DAKOTA DR,0.1899,3479,2014,4,3,5/3/17,712500,SINGLE FAMILY
1375 DAKOTA DR,0.1646,3726,2014,4,3,10/30/17,637500,SINGLE FAMILY
1403 DAKOTA DR,0.3019,4174,2016,4,3,7/21/19,790000,SINGLE FAMILY
1363 DAKOTA DR,0.1394,3694,2016,4,3,12/30/16,629998,SINGLE FAMILY
1131 TURNBRIDGE DR,0.19,3865,2016,4,3,12/29/16,658048,SINGLE FAMILY
3377 MALLORY BLVD,0.1651,4332,2017,3,3,12/22/17,557680,SINGLE FAMILY
3377 MALLORY BLVD,0.1651,4332,2017,3,3,12/22/17,557680,SINGLE FAMILY
3361 MALLORY BLVD,0.1275,4332,2017,3,3,12/29/17,496620,SINGLE FAMILY
3361 MALLORY BLVD,0.1275,4332,2017,3,3,12/29/17,496620,SINGLE FAMILY
2691 MALLORY BLVD,0.1323,3569,2017,4,3,2/28/17,604403,SINGLE FAMILY
2690 CAROLINE DR,0.141,3586,2017,4,3,10/11/18,739000,SINGLE FAMILY
2690 CAROLINE DR,0.141,3586,2017,4,3,8/8/18,739000,SINGLE FAMILY
2690 CAROLINE DR,0.141,3586,2017,4,3,2/13/17,622583,SINGLE FAMILY
2682 CAROLINE DR,0.1397,3622,2017,4,3,3/30/17,661208,SINGLE FAMILY
118 GOLF VILLAGE BLVD,0.3365,4907,2017,3,3,4/24/17,1300000,SINGLE FAMILY
1135 TURNBRIDGE DR,0.1913,3720,2017,4,3,2/20/17,629833,SINGLE FAMILY
1111 DAKOTA DR,0.1493,4332,2018,3,3,1/30/18,580000,SINGLE FAMILY
1056 COMMUNITY DR,0.1234,4332,2018,3,3,6/11/18,567224,SINGLE FAMILY
1056 COMMUNITY DR,0.1234,4332,2018,3,3,6/11/18,567224,SINGLE FAMILY
2590 GREENWAY DR,0.2597,4223,2019,4,3,6/28/17,2925000,SINGLE FAMILY
1127 DAKOTA DR,0.1503,4332,2019,3,3,12/20/17,525225,SINGLE FAMILY
1119 DAKOTA DR,0.1168,4332,2019,5,3,5/30/19,568000,SINGLE FAMILY
2632 GREENWAY DR,0.2514,4186,2021,4,3,6/28/17,2925000,SINGLE FAMILY
2624 GREENWAY DR,0.2514,4459,2022,3,3,6/28/17,2925000,SINGLE FAMILY
2612 GREENWAY DR,0.2912,4400,2022,4,3,6/28/17,2925000,SINGLE FAMILY
3318 GREENWAY DR,0.2797,6489,2023,5,3,5/14/18,265000,SINGLE FAMILY
2608 GREENWAY DR,0.293,5162,2023,4,3,6/28/17,2925000,SINGLE FAMILY
132 WATERFORD DR,0.183,3878,2001,6,4,7/17/17,690000,SINGLE FAMILY
132 WATERFORD DR,0.183,3878,2001,6,4,6/15/17,690000,SINGLE FAMILY
146 BARCELONA DR,0.2852,5049,2002,5,4,6/1/18,1196700,SINGLE FAMILY
114 SANTANDER DR,0.2614,5492,2002,5,4,11/4/19,1285000,SINGLE FAMILY
109 VALENCIA BLVD,0.2725,5084,2002,4,4,5/21/19,1200000,SINGLE FAMILY
109 VALENCIA BLVD,0.2725,5084,2002,4,4,3/14/17,1200000,SINGLE FAMILY
109 BILBOA DR,0.1719,5295,2002,4,4,8/6/18,885000,SINGLE FAMILY
108 SANTANDER DR,0.2614,4963,2002,4,4,11/1/18,1320000,SINGLE FAMILY
102 SEGOVIA WAY,0.3027,5796,2002,4,4,6/16/17,1200000,SINGLE FAMILY
4042 COMMUNITY DR,0.25,4598,2003,5,4,9/11/19,700000,SINGLE FAMILY
4041 COMMUNITY DR,0.2382,4789,2003,5,4,4/14/17,670000,SINGLE FAMILY
4019 COMMUNITY DR,0.2036,5113,2003,5,4,1/18/17,610000,SINGLE FAMILY
4014 COMMUNITY DR,0.1868,4704,2003,5,4,1/16/18,662000,SINGLE FAMILY
4003 COMMUNITY DR,0.236,5113,2003,5,4,5/24/17,760000,SINGLE FAMILY
320 MURCIA DR,0.1728,4775,2003,5,4,6/14/19,865000,SINGLE FAMILY
1932 JEAGA DR,0.2006,4598,2003,5,4,12/3/16,615000,SINGLE FAMILY
146 SANTIAGO DR,0.1607,4490,2003,4,4,12/11/17,749000,SINGLE FAMILY
133 AVILA WAY,0.1997,4784,2003,5,4,8/29/18,917500,SINGLE FAMILY
125 BILBOA DR,0.1871,5412,2003,6,4,10/9/19,990000,SINGLE FAMILY
125 BILBOA DR,0.1871,5412,2003,6,4,2/14/17,855000,SINGLE FAMILY
125 BARCELONA DR,0.1495,3995,2003,4,4,6/4/18,726000,SINGLE FAMILY
113 VALENCIA BLVD,0.2725,4640,2003,5,4,10/30/19,1350000,SINGLE FAMILY
113 VALENCIA BLVD,0.2725,4640,2003,5,4,5/14/19,1495000,SINGLE FAMILY
111 VILLA BELLA,0.2768,7341,2003,4,4,7/12/19,1650000,SINGLE FAMILY
109 VILLA BELLA,0.2746,5487,2003,4,4,8/24/18,1365000,SINGLE FAMILY
108 SEGOVIA WAY,0.2771,4544,2003,4,4,7/9/18,1028000,SINGLE FAMILY
102 SANTANDER DR,0.2998,4929,2003,4,4,9/5/18,1275000,SINGLE FAMILY
171 FLORENCE DR,0.2378,5113,2004,5,4,3/1/18,802000,SINGLE FAMILY
163 FLORENCE DR,0.2076,5113,2004,5,4,8/15/18,800000,SINGLE FAMILY
143 FLORENCE DR,0.2174,5113,2004,5,4,8/9/18,885000,SINGLE FAMILY
136 SEGOVIA WAY,0.2214,5454,2004,6,4,7/16/18,1075000,SINGLE FAMILY
122 SANTIAGO DR,0.1377,4142,2004,4,4,1/23/18,740000,SINGLE FAMILY
109 BARCELONA DR,0.1383,5620,2004,6,4,4/18/18,1050000,SINGLE FAMILY
107 BARCELONA DR,0.1383,4864,2004,4,4,7/28/17,697400,SINGLE FAMILY
3336 COMMUNITY DR,0.068,2901,2005,4,4,6/25/18,379000,TOWNHOUSE
3328 COMMUNITY DR,0.0669,2901,2005,4,4,7/19/18,370000,TOWNHOUSE
219 CARAVELLE DR,0.1621,4450,2005,5,4,1/17/17,625000,SINGLE FAMILY
218 CARAVELLE DR,0.1946,4840,2005,5,4,5/4/17,690000,SINGLE FAMILY
3322 GREENWAY DR,0.2762,4900,2006,4,4,4/19/18,911000,SINGLE FAMILY
2665 COMMUNITY DR,0.2073,4766,2006,5,4,9/1/17,760000,SINGLE FAMILY
2615 COMMUNITY DR,0.1556,4330,2006,5,4,6/12/19,720000,SINGLE FAMILY
1752 COMMUNITY DR,0.1711,4448,2006,5,4,5/24/18,740000,SINGLE FAMILY
1727 COMMUNITY DR,0.2223,4840,2006,5,4,4/17/19,745000,SINGLE FAMILY
1701 COMMUNITY DR,0.2427,4840,2006,5,4,9/22/19,849900,SINGLE FAMILY
101 ST PIERRE WAY,0.2907,4224,2006,5,4,4/25/18,785000,SINGLE FAMILY
3284 WYMBERLY DR,0.2265,4693,2007,5,4,5/4/17,785000,SINGLE FAMILY
1319 WINDLEY KEY WAY,0.2258,5385,2007,5,4,12/21/17,785000,SINGLE FAMILY
1311 WINDLEY KEY WAY,0.1927,5033,2007,5,4,7/26/18,845000,SINGLE FAMILY
3461 ELIZABETH ST,0.1951,3493,2008,5,4,8/13/18,670000,SINGLE FAMILY
1374 DAKOTA DR,0.1985,3493,2008,4,4,4/24/19,710000,SINGLE FAMILY
3314 GEIGER ST,0.2444,5385,2009,5,4,6/27/17,800000,SINGLE FAMILY
1161 TROPICAL DR,0.1908,3493,2009,4,4,6/22/18,560000,SINGLE FAMILY
1037 BIG PINE WAY,0.1945,3493,2010,4,4,8/21/19,735000,SINGLE FAMILY
1031 TIKI DR,0.2162,4693,2010,5,4,4/13/18,780000,SINGLE FAMILY
3456 CAROLINE DR,0.2159,5385,2011,5,4,5/5/17,810000,SINGLE FAMILY
3433 DUVAL ST,0.2777,5114,2011,5,4,5/5/17,1140000,SINGLE FAMILY
1171 JEAGA DR,0.3184,5033,2011,5,4,3/2/17,800000,SINGLE FAMILY
1144 DUVAL ST,0.2154,5385,2011,5,4,5/29/19,835000,SINGLE FAMILY
1038 JEAGA DR,0.2564,3493,2011,5,4,9/19/17,735000,SINGLE FAMILY
1038 JEAGA DR,0.2564,3493,2011,5,4,9/15/17,735000,SINGLE FAMILY
1038 JEAGA DR,0.2564,3493,2011,5,4,5/5/17,685000,SINGLE FAMILY
1036 TROPICAL DR,0.259,3493,2011,5,4,3/28/18,723000,SINGLE FAMILY
3425 DUVAL ST,0.259,6898,2012,4,4,4/10/17,1290000,SINGLE FAMILY
2707 SUNBURY DR,0.2313,4643,2013,5,4,9/17/18,875000,SINGLE FAMILY
2702 MALLORY BLVD,0.1972,4643,2013,5,4,10/29/19,950000,SINGLE FAMILY
2740 WYMBERLY DR,0.1899,5154,2014,5,4,10/30/19,1064000,SINGLE FAMILY
2715 WYMBERLY DR,0.2206,4819,2014,5,4,6/15/18,830000,SINGLE FAMILY
1411 DAKOTA DR,0.2919,4643,2015,5,4,11/10/17,845000,SINGLE FAMILY
1142 PRESCOTT DR,0.19,4633,2015,5,4,10/6/17,819000,SINGLE FAMILY
3403 MALLORY BLVD,0.2536,5385,2016,5,4,12/30/16,777513,SINGLE FAMILY
3403 MALLORY BLVD,0.2536,5385,2016,5,4,12/30/16,777513,SINGLE FAMILY
1118 PRESCOTT DR,0.19,5154,2016,5,4,12/16/16,762363,SINGLE FAMILY
3369 MALLORY BLVD,0.1275,4332,2017,4,4,12/29/17,514277,SINGLE FAMILY
3369 MALLORY BLVD,0.1275,4332,2017,4,4,12/29/17,514277,SINGLE FAMILY
3353 MALLORY BLVD,0.1601,4332,2017,4,4,2/23/18,625000,SINGLE FAMILY
3353 MALLORY BLVD,0.1601,4332,2017,4,4,2/23/18,625000,SINGLE FAMILY
1153 DAKOTA DR,0.1238,4428,2017,5,4,12/30/17,568858,SINGLE FAMILY
1119 TURNBRIDGE DR,0.19,5154,2017,5,4,3/10/17,749563,SINGLE FAMILY
1119 SWEET HILL DR,0.2138,4693,2017,5,4,1/31/17,747258,SINGLE FAMILY
1110 WILSHIRE DR,0.2565,5343,2017,5,4,5/19/17,844063,SINGLE FAMILY
1080 COMMUNITY DR,0.1203,4332,2017,4,4,10/1/19,627500,SINGLE FAMILY
1080 COMMUNITY DR,0.1203,4332,2017,4,4,10/1/19,627500,SINGLE FAMILY
1080 COMMUNITY DR,0.1203,4332,2017,4,4,4/30/18,608000,SINGLE FAMILY
1080 COMMUNITY DR,0.1203,4332,2017,4,4,4/30/18,608000,SINGLE FAMILY
1080 COMMUNITY DR,0.1203,4332,2017,4,4,12/12/17,504615,SINGLE FAMILY
1080 COMMUNITY DR,0.1203,4332,2017,4,4,12/12/17,504615,SINGLE FAMILY
114 GOLF VILLAGE BLVD,0.3137,4752,2018,3,4,2/26/18,1700000,SINGLE FAMILY
1072 COMMUNITY DR,0.1057,4332,2018,4,4,10/31/18,590000,SINGLE FAMILY
1072 COMMUNITY DR,0.1057,4332,2018,4,4,10/31/18,590000,SINGLE FAMILY
1064 COMMUNITY DR,0.1065,4332,2018,4,4,5/23/18,575000,SINGLE FAMILY
1064 COMMUNITY DR,0.1065,4332,2018,4,4,5/23/18,575000,SINGLE FAMILY
2628 GREENWAY DR,0.2514,5381,2023,4,4,6/28/17,2925000,SINGLE FAMILY
2594 GREENWAY DR,0.2893,4664,2023,4,4,6/28/17,2925000,SINGLE FAMILY
161 SEGOVIA WAY,0.3113,6444,2003,4,5,7/26/18,1550000,SINGLE FAMILY
131 AVILA WAY,0.2387,5524,2003,5,5,4/3/18,1000000,SINGLE FAMILY
115 SEGOVIA WAY,0.2706,6900,2003,6,5,8/13/19,1290000,SINGLE FAMILY
118 SANTANDER DR,0.2998,6394,2004,5,5,5/30/18,1675000,SINGLE FAMILY
145 SEGOVIA WAY,0.3662,7368,2005,5,5,7/12/19,1562500,SINGLE FAMILY
107 VALENCIA BLVD,0.2725,7702,2005,5,5,2/28/17,1400000,SINGLE FAMILY
3457 ELIZABETH ST,0.1951,5775,2007,6,5,6/19/19,1047000,SINGLE FAMILY
3449 ELIZABETH ST,0.1956,3493,2007,5,5,12/28/17,715000,SINGLE FAMILY
3438 MALLORY BLVD,0.1961,3493,2007,5,5,7/25/19,725000,SINGLE FAMILY
1421 WINDLEY KEY WAY,0.1899,5775,2007,6,5,12/5/16,875000,SINGLE FAMILY
1409 WINDLEY KEY WAY,0.1924,5775,2007,6,5,6/30/17,870000,SINGLE FAMILY
2719 MALLORY BLVD,0.2753,5561,2012,6,5,5/3/17,1025000,SINGLE FAMILY
2695 SUNBURY DR,0.1986,5385,2013,6,5,7/25/17,995000,SINGLE FAMILY
2656 GREENWAY DR,0.2644,7196,2013,6,5,8/20/18,1099000,SINGLE FAMILY
2811 SUNBURY DR,0.2879,5358,2014,6,5,10/1/19,1135000,SINGLE FAMILY
1127 SWEET HILL DR,0.2672,5154,2015,5,5,12/6/16,911099,SINGLE FAMILY
2842 MALLORY BLVD,0.2275,6127,2016,6,5,6/16/17,885000,SINGLE FAMILY
2648 GREENWAY DR,0.2833,7703,2016,7,5,1/20/17,926749,SINGLE FAMILY
1395 DAKOTA DR,0.2317,5561,2016,6,5,3/22/19,910000,SINGLE FAMILY
110 GOLF VILLAGE BLVD,0.383,5479,2019,4,5,4/12/19,2000000,SINGLE FAMILY
2616 GREENWAY DR,0.2388,6253,2023,5,5,6/28/17,2925000,SINGLE FAMILY
2644 GREENWAY DR,0.2614,8023,2020,5,6,6/23/17,225000,SINGLE FAMILY